<?xml version="1.0" encoding="UTF-8"?>
<Examples>
  <Example>
    <Log>Lua/luvit@luvit/failed/164750101.log</Log>
    <Keywords>not ok, , </Keywords>
    <Category>0</Category>
    <Chunk># Starting Test: [1;36;44mdns - resolveTxtTCP[0m

  [1;31m/Users/travis/build/luvit/luvit/tests/libs/tap.lua:85: Missing 1 expected call

  stack traceback:

  	[C]: in function 'error'

  	/Users/travis/build/luvit/luvit/tests/libs/tap.lua:85: in function /Users/travis/build/luvit/luvit/tests/libs/tap.lua:66&gt;

  	[C]: in function 'xpcall'

  	/Users/travis/build/luvit/luvit/tests/libs/tap.lua:66: in function 'run'

  	/Users/travis/build/luvit/luvit/tests/libs/tap.lua:167: in function 'tap'

  	/Users/travis/build/luvit/luvit/tests/run.lua:42: in main chunk

  	[C]: in function 'dofile'

  	[string "bundle:main.lua"]:120: in function 'main'

  	[string "bundle:init.lua"]:51: in function [string "bundle:init.lua"]:49&gt;

  	[C]: in function 'xpcall'

  	[string "bundle:init.lua"]:49: in function [string "bundle:init.lua"]:20&gt;[0m

not ok 23 [1;33;41mdns - resolveTxtTCP</Chunk>
  </Example>
  <Example>
    <Log>Lua/luvit@luvit/failed/232600361.log</Log>
    <Keywords>fail, Error, </Keywords>
    <Category>1</Category>
    <Chunk>fail: [1;33;41m[string "bundle:libs/codec.lua"]:123: No such hash: 31b8c996c762b151bedbd7f0e5ad12c2ababf3cd

stack traceback:

	[C]: in function 'assert'

	[string "bundle:libs/codec.lua"]:123: in function 'read'

	[string "bundle:libs/codec.lua"]:128: in function 'readAs'

	[string "bundle:libs/rdb.lua"]:165: in function 'fetch'

	[string "bundle:libs/rdb.lua"]:140: in function 'load'

	[string "bundle:deps/git/db.lua"]:395: in function 'loadAny'

	[string "bundle:libs/pkg.lua"]:132: in function 'queryDb'

	[string "bundle:libs/core.lua"]:378: in function 'makeUrl'

	[string "bundle:commands/make.lua"]:13: in function [string "bundle:commands/make.lua"]:1&gt;

	[string "bundle:main.lua"]:52: in function [string "bundle:main.lua"]:39&gt;

	[C]: in function 'xpcall'

	[string "bundle:main.lua"]:39: in function [string "bundle:main.lua"]:31&gt;[0m</Chunk>
  </Example>
  <Example>
    <Log>Lua/luvit@luvit/failed/232600805.log</Log>
    <Keywords>fail, Error, </Keywords>
    <Category>1</Category>
    <Chunk>fail: [1;33;41m[string "bundle:libs/codec.lua"]:123: No such hash: 31b8c996c762b151bedbd7f0e5ad12c2ababf3cd

stack traceback:

	[C]: in function 'assert'

	[string "bundle:libs/codec.lua"]:123: in function 'read'

	[string "bundle:libs/codec.lua"]:128: in function 'readAs'

	[string "bundle:libs/rdb.lua"]:165: in function 'fetch'

	[string "bundle:libs/rdb.lua"]:140: in function 'load'

	[string "bundle:deps/git/db.lua"]:395: in function 'loadAny'

	[string "bundle:libs/pkg.lua"]:132: in function 'queryDb'

	[string "bundle:libs/core.lua"]:378: in function 'makeUrl'

	[string "bundle:commands/make.lua"]:13: in function [string "bundle:commands/make.lua"]:1&gt;

	[string "bundle:main.lua"]:52: in function [string "bundle:main.lua"]:39&gt;

	[C]: in function 'xpcall'

	[string "bundle:main.lua"]:39: in function [string "bundle:main.lua"]:31&gt;</Chunk>
  </Example>
  <Example>
    <Log>Lua/luvit@luvit/failed/232600827.log</Log>
    <Keywords>fail, Error, </Keywords>
    <Category>1</Category>
    <Chunk>fail: [1;33;41m[string "bundle:libs/codec.lua"]:123: No such hash: 31b8c996c762b151bedbd7f0e5ad12c2ababf3cd

stack traceback:

	[C]: in function 'assert'

	[string "bundle:libs/codec.lua"]:123: in function 'read'

	[string "bundle:libs/codec.lua"]:128: in function 'readAs'

	[string "bundle:libs/rdb.lua"]:165: in function 'fetch'

	[string "bundle:libs/rdb.lua"]:140: in function 'load'

	[string "bundle:deps/git/db.lua"]:395: in function 'loadAny'

	[string "bundle:libs/pkg.lua"]:132: in function 'queryDb'

	[string "bundle:libs/core.lua"]:378: in function 'makeUrl'

	[string "bundle:commands/make.lua"]:13: in function [string "bundle:commands/make.lua"]:1&gt;

	[string "bundle:main.lua"]:52: in function [string "bundle:main.lua"]:39&gt;

	[C]: in function 'xpcall'

	[string "bundle:main.lua"]:39: in function [string "bundle:main.lua"]:31&gt;</Chunk>
  </Example>
  <Example>
    <Log>Lua/luvit@luvit/failed/232608416.log</Log>
    <Keywords>fail, Error, </Keywords>
    <Category>1</Category>
    <Chunk>fail: [1;33;41m[string "bundle:libs/codec.lua"]:123: No such hash: 31b8c996c762b151bedbd7f0e5ad12c2ababf3cd

stack traceback:

	[C]: in function 'assert'

	[string "bundle:libs/codec.lua"]:123: in function 'read'

	[string "bundle:libs/codec.lua"]:128: in function 'readAs'

	[string "bundle:libs/rdb.lua"]:165: in function 'fetch'

	[string "bundle:libs/rdb.lua"]:140: in function 'load'

	[string "bundle:deps/git/db.lua"]:395: in function 'loadAny'

	[string "bundle:libs/pkg.lua"]:132: in function 'queryDb'

	[string "bundle:libs/core.lua"]:378: in function 'makeUrl'

	[string "bundle:commands/make.lua"]:13: in function [string "bundle:commands/make.lua"]:1&gt;

	[string "bundle:main.lua"]:52: in function [string "bundle:main.lua"]:39&gt;

	[C]: in function 'xpcall'

	[string "bundle:main.lua"]:39: in function [string "bundle:main.lua"]:31&gt;</Chunk>
  </Example>
  <Example>
    <Log>Lua/luvit@luvit/failed/232608427.log</Log>
    <Keywords>fail, Error, </Keywords>
    <Category>1</Category>
    <Chunk>fail: [1;33;41m[string "bundle:libs/codec.lua"]:123: No such hash: 31b8c996c762b151bedbd7f0e5ad12c2ababf3cd

stack traceback:

	[C]: in function 'assert'

	[string "bundle:libs/codec.lua"]:123: in function 'read'

	[string "bundle:libs/codec.lua"]:128: in function 'readAs'

	[string "bundle:libs/rdb.lua"]:165: in function 'fetch'

	[string "bundle:libs/rdb.lua"]:140: in function 'load'

	[string "bundle:deps/git/db.lua"]:395: in function 'loadAny'

	[string "bundle:libs/pkg.lua"]:132: in function 'queryDb'

	[string "bundle:libs/core.lua"]:378: in function 'makeUrl'

	[string "bundle:commands/make.lua"]:13: in function [string "bundle:commands/make.lua"]:1&gt;

	[string "bundle:main.lua"]:52: in function [string "bundle:main.lua"]:39&gt;

	[C]: in function 'xpcall'

	[string "bundle:main.lua"]:39: in function [string "bundle:main.lua"]:31&gt;</Chunk>
  </Example>
  <Example>
    <Log>Lua/luvit@luvit/failed/232608779.log</Log>
    <Keywords>fail, Error, </Keywords>
    <Category>1</Category>
    <Chunk>fail: [1;33;41m[string "bundle:libs/codec.lua"]:123: No such hash: 31b8c996c762b151bedbd7f0e5ad12c2ababf3cd

stack traceback:

	[C]: in function 'assert'

	[string "bundle:libs/codec.lua"]:123: in function 'read'

	[string "bundle:libs/codec.lua"]:128: in function 'readAs'

	[string "bundle:libs/rdb.lua"]:165: in function 'fetch'

	[string "bundle:libs/rdb.lua"]:140: in function 'load'

	[string "bundle:deps/git/db.lua"]:395: in function 'loadAny'

	[string "bundle:libs/pkg.lua"]:132: in function 'queryDb'

	[string "bundle:libs/core.lua"]:378: in function 'makeUrl'

	[string "bundle:commands/make.lua"]:13: in function [string "bundle:commands/make.lua"]:1&gt;

	[string "bundle:main.lua"]:52: in function [string "bundle:main.lua"]:39&gt;

	[C]: in function 'xpcall'

	[string "bundle:main.lua"]:39: in function [string "bundle:main.lua"]:31&gt;</Chunk>
  </Example>
  <Example>
    <Log>Lua/luvit@luvit/failed/232608784.log</Log>
    <Keywords>fail, Error, </Keywords>
    <Category>1</Category>
    <Chunk>fail: [1;33;41m[string "bundle:libs/codec.lua"]:123: No such hash: 31b8c996c762b151bedbd7f0e5ad12c2ababf3cd

stack traceback:

	[C]: in function 'assert'

	[string "bundle:libs/codec.lua"]:123: in function 'read'

	[string "bundle:libs/codec.lua"]:128: in function 'readAs'

	[string "bundle:libs/rdb.lua"]:165: in function 'fetch'

	[string "bundle:libs/rdb.lua"]:140: in function 'load'

	[string "bundle:deps/git/db.lua"]:395: in function 'loadAny'

	[string "bundle:libs/pkg.lua"]:132: in function 'queryDb'

	[string "bundle:libs/core.lua"]:378: in function 'makeUrl'

	[string "bundle:commands/make.lua"]:13: in function [string "bundle:commands/make.lua"]:1&gt;

	[string "bundle:main.lua"]:52: in function [string "bundle:main.lua"]:39&gt;

	[C]: in function 'xpcall'

	[string "bundle:main.lua"]:39: in function [string "bundle:main.lua"]:31&gt;</Chunk>
  </Example>
  <Example>
    <Log>Lua/luvit@luvit/failed/232671380.log</Log>
    <Keywords>fail, Error, </Keywords>
    <Category>1</Category>
    <Chunk>fail: [1;33;41m[string "bundle:libs/codec.lua"]:123: No such hash: 31b8c996c762b151bedbd7f0e5ad12c2ababf3cd

stack traceback:

	[C]: in function 'assert'

	[string "bundle:libs/codec.lua"]:123: in function 'read'

	[string "bundle:libs/codec.lua"]:128: in function 'readAs'

	[string "bundle:libs/rdb.lua"]:165: in function 'fetch'

	[string "bundle:libs/rdb.lua"]:140: in function 'load'

	[string "bundle:deps/git/db.lua"]:395: in function 'loadAny'

	[string "bundle:libs/pkg.lua"]:132: in function 'queryDb'

	[string "bundle:libs/core.lua"]:378: in function 'makeUrl'

	[string "bundle:commands/make.lua"]:13: in function [string "bundle:commands/make.lua"]:1&gt;

	[string "bundle:main.lua"]:52: in function [string "bundle:main.lua"]:39&gt;

	[C]: in function 'xpcall'

	[string "bundle:main.lua"]:39: in function [string "bundle:main.lua"]:31&gt;</Chunk>
  </Example>
  <Example>
    <Log>Lua/luvit@luvit/failed/243281814.log</Log>
    <Keywords>not ok, , </Keywords>
    <Category>0</Category>
    <Chunk># Starting Test: [1;36;44mdns - resolveTxtTCP[0m


  [1;31m/Users/travis/build/luvit/luvit/tests/libs/tap.lua:83: Missing 1 expected call


  stack traceback:


  	[C]: in function 'error'


  	/Users/travis/build/luvit/luvit/tests/libs/tap.lua:83: in function /Users/travis/build/luvit/luvit/tests/libs/tap.lua:64&gt;


  	[C]: in function 'xpcall'


  	/Users/travis/build/luvit/luvit/tests/libs/tap.lua:64: in function 'run'


  	/Users/travis/build/luvit/luvit/tests/libs/tap.lua:165: in function 'tap'


  	/Users/travis/build/luvit/luvit/tests/run.lua:42: in function 'fn'


  	[string "bundle:deps/require.lua"]:310: in function 'require'


  	/Users/travis/build/luvit/luvit/main.lua:118: in function 'main'


  	/Users/travis/build/luvit/luvit/init.lua:49: in function /Users/travis/build/luvit/luvit/init.lua:47&gt;


  	[C]: in function 'xpcall'


  	/Users/travis/build/luvit/luvit/init.lua:47: in function 'fn'


  	[string "bundle:deps/require.lua"]:310: in function [string "bundle:deps/require.lua"]:266&gt;[0m


not ok 24 [1;33;41mdns - resolveTxtTCP</Chunk>
  </Example>
</Examples>
