<?xml version="1.0" encoding="UTF-8"?>
<Examples>
  <Example>
    <Log>HTML/google@web-starter-kit/failed/345084081.log</Log>
    <Keywords>failed, ERR!, </Keywords>
    <Category>0</Category>
    <Chunk>Using gulpfile [35m~/build/google/web-starter-kit/gulpfile.js[39m
[[90m02:22:53[39m] [31mTask never defined: default</Chunk>
  </Example>
  <Example>
    <Log>HTML/google@web-starter-kit/failed/348091008.log</Log>
    <Keywords>Error, , </Keywords>
    <Category>1</Category>
    <Chunk>/home/travis/build/google/web-starter-kit/gulp-tasks/serve.js:31
    console.log(`Serving @ http://${address.address}:${address.port}`, );
                                                                       ^

SyntaxError: Unexpected token )
    at createScript (vm.js:56:10)
    at Object.runInThisContext (vm.js:97:10)
    at Module._compile (module.js:549:28)
    at Object.Module._extensions..js (module.js:586:10)
    at Module.load (module.js:494:32)
    at tryModuleLoad (module.js:453:12)
    at Function.Module._load (module.js:445:3)
    at Module.require (module.js:504:17)
    at require (internal/module.js:20:19)
    at loadTasks (/home/travis/build/google/web-starter-kit/gulpfile.js:32:20)</Chunk>
  </Example>
  <Example>
    <Log>HTML/google@web-starter-kit/failed/348092162.log</Log>
    <Keywords>Error, , </Keywords>
    <Category>1</Category>
    <Chunk>/home/travis/build/google/web-starter-kit/gulp-tasks/serviceWorker.js:5
const serviceWorker = async () =&gt; {
                            ^

SyntaxError: Unexpected token (
    at createScript (vm.js:56:10)
    at Object.runInThisContext (vm.js:97:10)
    at Module._compile (module.js:549:28)
    at Object.Module._extensions..js (module.js:586:10)
    at Module.load (module.js:494:32)
    at tryModuleLoad (module.js:453:12)
    at Function.Module._load (module.js:445:3)
    at Module.require (module.js:504:17)
    at require (internal/module.js:20:19)
    at loadTasks (/home/travis/build/google/web-starter-kit/gulpfile.js:32:20)</Chunk>
  </Example>
  <Example>
    <Log>HTML/google@web-starter-kit/failed/348096455.log</Log>
    <Keywords>Error, ERR!, failed</Keywords>
    <Category>2</Category>
    <Chunk>/home/travis/build/google/web-starter-kit/gulp-tasks/serviceWorker.js:4
async function serviceWorker() {
      ^^^^^^^^

SyntaxError: Unexpected token function
    at createScript (vm.js:56:10)
    at Object.runInThisContext (vm.js:97:10)
    at Module._compile (module.js:549:28)
    at Object.Module._extensions..js (module.js:586:10)
    at Module.load (module.js:494:32)
    at tryModuleLoad (module.js:453:12)
    at Function.Module._load (module.js:445:3)
    at Module.require (module.js:504:17)
    at require (internal/module.js:20:19)
    at loadTasks (/home/travis/build/google/web-starter-kit/gulpfile.js:31:20)</Chunk>
  </Example>
  <Example>
    <Log>HTML/google@web-starter-kit/failed/348097360.log</Log>
    <Keywords>error, , </Keywords>
    <Category>3</Category>
    <Chunk>/home/travis/build/google/web-starter-kit/gulp-tasks/css.js[24m
  [2m12:2[22m  [31merror[39m  Unnecessary semicolon  [2mno-extra-semi[22m

[4m/home/travis/build/google/web-starter-kit/gulp-tasks/images.js[24m
  [2m16:2[22m  [31merror[39m  Unnecessary semicolon  [2mno-extra-semi[22m

[4m/home/travis/build/google/web-starter-kit/gulp-tasks/serviceWorker.js[24m
  [2m4:16[22m  [31merror[39m  'serviceWorker' is defined but never used  [2mno-unused-vars</Chunk>
  </Example>
  <Example>
    <Log>HTML/google@web-starter-kit/failed/348293982.log</Log>
    <Keywords>Error, ERR!, failed</Keywords>
    <Category>2</Category>
    <Chunk>/home/travis/build/google/web-starter-kit/gulp-tasks/serviceWorker.js:6
async function serviceWorker() {
      ^^^^^^^^

SyntaxError: Unexpected token function
    at createScript (vm.js:56:10)
    at Object.runInThisContext (vm.js:97:10)
    at Module._compile (module.js:549:28)
    at Object.Module._extensions..js (module.js:586:10)
    at Module.load (module.js:494:32)
    at tryModuleLoad (module.js:453:12)
    at Function.Module._load (module.js:445:3)
    at Module.require (module.js:504:17)
    at require (internal/module.js:20:19)
    at loadTasks (/home/travis/build/google/web-starter-kit/gulpfile.js:31:20)</Chunk>
  </Example>
  <Example>
    <Log>HTML/google@web-starter-kit/failed/398798677.log</Log>
    <Keywords>exit 1), , </Keywords>
    <Category>4</Category>
    <Chunk>Please commit all changes generated by building</Chunk>
  </Example>
  <Example>
    <Log>HTML/google@web-starter-kit/failed/398800704.log</Log>
    <Keywords>exit 1), , </Keywords>
    <Category>4</Category>
    <Chunk>Please commit all changes generated by building</Chunk>
  </Example>
  <Example>
    <Log>HTML/google@web-starter-kit/failed/411570811.log</Log>
    <Keywords>exit 1), , </Keywords>
    <Category>4</Category>
    <Chunk>Please commit all changes generated by building</Chunk>
  </Example>
  <Example>
    <Log>HTML/google@web-starter-kit/failed/537108381.log</Log>
    <Keywords>exit 1), , </Keywords>
    <Category>4</Category>
    <Chunk>Please commit all changes generated by building</Chunk>
  </Example>
</Examples>
