<?xml version="1.0" encoding="UTF-8"?>
<Examples>
  <Example>
    <Log>HTML/necolas@normalize.css/failed/123680531.log</Log>
    <Keywords>Error, ERR!, failed</Keywords>
    <Category>0</Category>
    <Chunk>normalize.css[24m[22m
[1m429[22m[1m:1[22m	Unexpected missing newline at end of file (no-missing-eof-newline)</Chunk>
  </Example>
  <Example>
    <Log>HTML/necolas@normalize.css/failed/140173233.log</Log>
    <Keywords>ERR!, failed, ✖</Keywords>
    <Category>0</Category>
    <Chunk>CssSyntaxError: /home/travis/build/necolas/normalize.css/normalize.css:11:3: Unknown word
    at Input.error (/home/travis/build/necolas/normalize.css/node_modules/postcss/lib/input.js:61:22)
    at Parser.unknownWord (/home/travis/build/necolas/normalize.css/node_modules/postcss/lib/parser.js:457:26)
    at Parser.word (/home/travis/build/necolas/normalize.css/node_modules/postcss/lib/parser.js:174:14)
    at Parser.loop (/home/travis/build/necolas/normalize.css/node_modules/postcss/lib/parser.js:60:26)
    at parse (/home/travis/build/necolas/normalize.css/node_modules/postcss/lib/parse.js:26:12)
    at new LazyResult (/home/travis/build/necolas/normalize.css/node_modules/postcss/lib/lazy-result.js:61:24)
    at Processor.process (/home/travis/build/necolas/normalize.css/node_modules/postcss/lib/processor.js:34:16)
    at lintString (/home/travis/build/necolas/normalize.css/node_modules/stylelint/dist/standalone.js:97:9)
    at /home/travis/build/necolas/normalize.css/node_modules/stylelint/dist/standalone.js:70:14</Chunk>
  </Example>
  <Example>
    <Log>HTML/necolas@normalize.css/failed/189952473.log</Log>
    <Keywords>ERR!, failed, ✖</Keywords>
    <Category>0</Category>
    <Chunk>normalize.css[24m
 [2m13:2[22m  [31m[31m[31m[31m[31m[31m[31m[31m[31m[31m✖[31m[39m  Expected double colon          [2m[2m[2m[2mselector-pseudo-element-colon-notation[22m
          pseudo-element notation                                              
 [2m14:2[22m  [31m[31m[31m[31m[31m[31m[31m[31m[31m[31m✖[31m[39m  Expected double colon          [2m[2m[2m[2mselector-pseudo-element-colon-notation[22m
          pseudo-element notation</Chunk>
  </Example>
  <Example>
    <Log>HTML/necolas@normalize.css/failed/225771405.log</Log>
    <Keywords>ERR!, failed, ✖</Keywords>
    <Category>0</Category>
    <Chunk>normalize.css[24m
 [2m105:12[22m  [31m[31m[31m[31m[31m[31m[31m[31m[31m[31m✖[31m[39m  Expected newline after ","   [2m[2m[2m[2mselector-list-comma-newline-after</Chunk>
  </Example>
  <Example>
    <Log>HTML/necolas@normalize.css/failed/227807878.log</Log>
    <Keywords>ERR!, failed, ✖</Keywords>
    <Category>0</Category>
    <Chunk>normalize-opinionate.css[24m
 [2m63:1[22m  [31m[31m[31m[31m[31m[31m[31m[31m[31m[31m✖[31m[39m  Unexpected missing end-of-source     [2m[2m[2m[2mno-missing-end-of-source-newline[22m
          newline                                                              

[4mnormalize.css[24m
   [2m4:1[22m  [31m[31m[31m[31m[31m[31m[31m[31m[31m[31m✖[31m[39m  Expected no more than 1 empty       [2m[2m[2m[2mmax-empty-lines[22m                 
           line(s)                                                             
   [2m7:1[22m  [31m[31m[31m[31m[31m[31m[31m[31m[31m[31m✖[31m[39m  Expected no more than 1 empty       [2m[2m[2m[2mmax-empty-lines[22m                 
           line(s)                                                             
 [2m442:1[22m  [31m[31m[31m[31m[31m[31m[31m[31m[31m[31m✖[31m[39m  Expected no more than 1 empty       [2m[2m[2m[2mmax-empty-lines[22m                 
           line(s)                                                             
 [2m443:1[22m  [31m[31m[31m[31m[31m[31m[31m[31m[31m[31m✖[31m[39m  Expected no more than 1 empty       [2m[2m[2m[2mmax-empty-lines[22m                 
           line(s)                                                             
 [2m446:1[22m  [31m[31m[31m[31m[31m[31m[31m[31m[31m[31m✖[31m[39m  Expected no more than 1 empty       [2m[2m[2m[2mmax-empty-lines[22m                 
           line(s)                                                             
 [2m506:1[22m  [31m[31m[31m[31m[31m[31m[31m[31m[31m[31m✖[31m[39m  Unexpected missing end-of-source    [2m[2m[2m[2mno-missing-end-of-source-newline[22m
           newline</Chunk>
  </Example>
  <Example>
    <Log>HTML/necolas@normalize.css/failed/227808098.log</Log>
    <Keywords>ERR!, failed, ✖</Keywords>
    <Category>0</Category>
    <Chunk>normalize-opinionate.css[24m
 [2m63:1[22m  [31m[31m[31m[31m[31m[31m[31m[31m[31m[31m✖[31m[39m  Unexpected missing end-of-source     [2m[2m[2m[2mno-missing-end-of-source-newline[22m
          newline</Chunk>
  </Example>
  <Example>
    <Log>HTML/necolas@normalize.css/failed/227809620.log</Log>
    <Keywords>ERR!, failed, ✖</Keywords>
    <Category>0</Category>
    <Chunk>normalize.css[24m
 [2m501:1[22m  [31m[31m[31m[31m[31m[31m[31m[31m[31m[31m✖[31m[39m  Unexpected missing end-of-source    [2m[2m[2m[2mno-missing-end-of-source-newline[22m
           newline</Chunk>
  </Example>
  <Example>
    <Log>HTML/necolas@normalize.css/failed/235227190.log</Log>
    <Keywords>ERR!, failed, ✖</Keywords>
    <Category>0</Category>
    <Chunk>normalize.css[24m
  [2m49:11[22m  [31m[31m[31m[31m[31m[31m[31m[31m[31m[31m✖[31m[39m  Expected a leading zero   [2m[2m[2m[2mnumber-leading-zero[22m
 [2m188:12[22m  [31m[31m[31m[31m[31m[31m[31m[31m[31m[31m✖[31m[39m  Expected a leading zero   [2m[2m[2m[2mnumber-leading-zero[22m
 [2m192:9[22m   [31m[31m[31m[31m[31m[31m[31m[31m[31m[31m✖[31m[39m  Expected a leading zero   [2m[2m[2m[2mnumber-leading-zero[22m
 [2m312:12[22m  [31m[31m[31m[31m[31m[31m[31m[31m[31m[31m✖[31m[39m  Expected a leading zero   [2m[2m[2m[2mnumber-leading-zero[22m
 [2m312:18[22m  [31m[31m[31m[31m[31m[31m[31m[31m[31m[31m✖[31m[39m  Expected a leading zero   [2m[2m[2m[2mnumber-leading-zero[22m
 [2m312:24[22m  [31m[31m[31m[31m[31m[31m[31m[31m[31m[31m✖[31m[39m  Expected a leading zero   [2m[2m[2m[2mnumber-leading-zero[22m</Chunk>
  </Example>
  <Example>
    <Log>HTML/necolas@normalize.css/failed/443134971.log</Log>
    <Keywords>ERR!, failed, ✖</Keywords>
    <Category>0</Category>
    <Chunk>normalize.css[24m
  [2m47:6[22m   [31m[31m✖[31m[39m  Expected indentation of   [2mindentation[22m                              
            2 spaces                                                           
  [2m48:11[22m  [31m[31m✖[31m[39m  Expected indentation of   [2mindentation[22m                              
            2 spaces                                                           
  [2m83:6[22m   [31m[31m✖[31m[39m  Expected indentation of   [2mindentation[22m                              
            2 spaces                                                           
  [2m84:11[22m  [31m[31m✖[31m[39m  Unexpected duplicate      [2mdeclaration-block-no-duplicate-properties[22m
            "text-decoration"                                                  
  [2m84:11[22m  [31m[31m✖[31m[39m  Expected indentation of   [2mindentation[22m                              
            2 spaces                                                           
 [2m238:6[22m   [31m[31m✖[31m[39m  Expected indentation of   [2mindentation[22m                              
            2 spaces                                                           
 [2m239:11[22m  [31m[31m✖[31m[39m  Expected indentation of   [2mindentation[22m                              
            2 spaces                                                           
 [2m271:6[22m   [31m[31m✖[31m[39m  Expected indentation of   [2mindentation[22m                              
            2 spaces                                                           
 [2m272:11[22m  [31m[31m✖[31m[39m  Expected indentation of   [2mindentation[22m                              
            2 spaces</Chunk>
  </Example>
  <Example>
    <Log>HTML/necolas@normalize.css/failed/448205109.log</Log>
    <Keywords>ERR!, failed, ✖</Keywords>
    <Category>0</Category>
    <Chunk>normalize.css[24m
 [2m84:3[22m  [31m[31m✖[31m[39m  Unexpected duplicate        [2mdeclaration-block-no-duplicate-properties[22m
          "text-decoration"</Chunk>
  </Example>
</Examples>
