<?xml version="1.0" encoding="UTF-8"?>
<Examples>
  <Example>
    <Log>Lisp/emacs-tw@awesome-emacs/failed/536981552.log</Log>
    <Keywords>Issues :-(, , </Keywords>
    <Category>0</Category>
    <Chunk>&gt; Links 
  1. [L296] 301 https://github.com/areina/helm-dash  → https://github.com/dash-docs-el/helm-dash 
  2. [L494] 502 https://www.emacswiki.org/emacs/MakefileMode  
  3. [L619] 502 https://www.emacswiki.org/emacs/CategoryEshell  
  4. [L687] 301 https://github.com/dangxuandev/blog-admin  → https://github.com/xcodebuild/blog-admin 
  5. [L771] 301 https://github.com/dunn/homebrew-emacs  → https://github.com/brew-stuff/homebrew-emacs 
&gt; Dupes 
  None ✓</Chunk>
  </Example>
  <Example>
    <Log>Lisp/emacs-tw@awesome-emacs/failed/537024011.log</Log>
    <Keywords>Issues :-(, , </Keywords>
    <Category>0</Category>
    <Chunk>&gt; Links 
  1. [L296] 301 https://github.com/areina/helm-dash  → https://github.com/dash-docs-el/helm-dash 
  2. [L687] 301 https://github.com/dangxuandev/blog-admin  → https://github.com/xcodebuild/blog-admin 
  3. [L771] 301 https://github.com/dunn/homebrew-emacs  → https://github.com/brew-stuff/homebrew-emacs 
&gt; Dupes 
  None ✓</Chunk>
  </Example>
  <Example>
    <Log>Lisp/emacs-tw@awesome-emacs/failed/542563687.log</Log>
    <Keywords>Issues :-(, , </Keywords>
    <Category>0</Category>
    <Chunk>&gt; Links 
  1. [L296] 301 https://github.com/areina/helm-dash  → https://github.com/dash-docs-el/helm-dash 
  2. [L688] 301 https://github.com/dangxuandev/blog-admin  → https://github.com/xcodebuild/blog-admin 
  3. [L772] 301 https://github.com/dunn/homebrew-emacs  → https://github.com/brew-stuff/homebrew-emacs 
  4. [L812] 301 https://github.com/raugturi/powerline-evil  → https://github.com/johnson-christopher/powerline-evil 
&gt; Dupes 
  None ✓</Chunk>
  </Example>
  <Example>
    <Log>Lisp/emacs-tw@awesome-emacs/failed/543405275.log</Log>
    <Keywords>Issues :-(, , </Keywords>
    <Category>0</Category>
    <Chunk>&gt; Links 
  1. [L296] 301 https://github.com/areina/helm-dash  → https://github.com/dash-docs-el/helm-dash 
  2. [L688] 301 https://github.com/dangxuandev/blog-admin  → https://github.com/xcodebuild/blog-admin 
  3. [L772] 301 https://github.com/dunn/homebrew-emacs  → https://github.com/brew-stuff/homebrew-emacs 
  4. [L812] 301 https://github.com/raugturi/powerline-evil  → https://github.com/johnson-christopher/powerline-evil 
&gt; Dupes 
  None ✓</Chunk>
  </Example>
  <Example>
    <Log>Lisp/emacs-tw@awesome-emacs/failed/547360333.log</Log>
    <Keywords>error, , </Keywords>
    <Category>1</Category>
    <Chunk>/tmp/emacs/bin/emacs: error while loading shared libraries: libgnutls.so.26: cannot open shared object file: No such file or directory</Chunk>
  </Example>
  <Example>
    <Log>Lisp/emacs-tw@awesome-emacs/failed/547364057.log</Log>
    <Keywords>error, , </Keywords>
    <Category>1</Category>
    <Chunk>/tmp/emacs/bin/emacs: error while loading shared libraries: libgnutls.so.26: cannot open shared object file: No such file or directory</Chunk>
  </Example>
  <Example>
    <Log>Lisp/emacs-tw@awesome-emacs/failed/547370322.log</Log>
    <Keywords>error, , </Keywords>
    <Category>1</Category>
    <Chunk>/tmp/emacs/bin/emacs: error while loading shared libraries: libgnutls.so.26: cannot open shared object file: No such file or directory</Chunk>
  </Example>
  <Example>
    <Log>Lisp/emacs-tw@awesome-emacs/failed/559751801.log</Log>
    <Keywords>Issues :-(, , </Keywords>
    <Category>0</Category>
    <Chunk>&gt; Links 
  1. [L696]  https://jblevins.org/projects/markdown-mode/ Failed to open TCP connection to jblevins.org:443 (Connection refused - connect(2) for "jblevins.org" port 443) 
&gt; Dupes 
  None ✓</Chunk>
  </Example>
  <Example>
    <Log>Lisp/emacs-tw@awesome-emacs/failed/565318712.log</Log>
    <Keywords>Issues :-(, , </Keywords>
    <Category>0</Category>
    <Chunk>&gt; Links 
  1. [L939] 302 https://www.youtube.com/watch?v=rCMh7srOqvw&amp;list=PLhXZp00uXBk4np17N39WvB80zgxlZfVwj]  → https://www.google.com/sorry/index?continue=https://www.youtube.com/watch%3Fv%3DrCMh7srOqvw%26list%3DPLhXZp00uXBk4np17N39WvB80zgxlZfVwj%5D&amp;q=EgQjvEkiGIK0_-kFIhkA8aeDSwKoMzRBRV613-krr4VXdEb8eyJNMgFy 
&gt; Dupes 
  None ✓</Chunk>
  </Example>
  <Example>
    <Log>Lisp/emacs-tw@awesome-emacs/failed/571137445.log</Log>
    <Keywords>Issues :-(, , </Keywords>
    <Category>0</Category>
    <Chunk>&gt; Links 
  1. [L0127] 301 https://git.savannah.gnu.org/git/emacs.git  → https://git.savannah.gnu.org/git/emacs.git/ 
  2. [L0212] 301 https://github.com/ShingoFukuyama/helm-swoop  → https://github.com/emacsorphanage/helm-swoop 
  3. [L0361] 301 https://github.com/billywade/renpy-mode  → https://github.com/treymerkley/renpy-mode 
  4. [L0615] 301 https://github.com/alphapapa/helm-org-rifle  → https://github.com/alphapapa/org-rifle 
  5. [L0827] 301 https://github.com/ShingoFukuyama/ov.el  → https://github.com/emacsorphanage/ov 
&gt; Dupes 
  1. [L130] https://brew.sh</Chunk>
  </Example>
</Examples>
