<?xml version="1.0" encoding="UTF-8"?>
<Examples>
  <Example>
    <Log>Lisp/syl20bnr@spacemacs/failed/401963443.log</Log>
    <Keywords>======================================================================, , </Keywords>
    <Category>0</Category>
    <Chunk>[1mdiff --git a/layers/+lang/ruby/README.org b/layers/+lang/ruby/README.org[m
[1mindex 18d226b..c6dbc80 100644[m
[1m--- a/layers/+lang/ruby/README.org[m
[1m+++ b/layers/+lang/ruby/README.org[m
[36m@@ -106,25 +106,25 @@[m [mdirectory local variables.[m
 * Key bindings[m
 ** Ruby (enh-ruby-mode, robe, inf-ruby, ruby-tools)[m
 [m
[31m-| Key binding | Description                                          |[m
[31m-|-------------+------------------------------------------------------|[m
[31m-| ~SPC m g g~ | go to definition (robe-jump)                         |[m
[31m-| ~SPC m h h~ | show documentation for method at point (robe-doc)    |[m
[31m-| ~SPC m s b~ | send buffer                                          |[m
[31m-| ~SPC m s B~ | send buffer and switch to REPL                       |[m
[31m-| ~SPC m s f~ | send function definition                             |[m
[31m-| ~SPC m s F~ | send function definition and switch to REPL          |[m
[31m-| ~SPC m s i~ | start REPL                                           |[m
[31m-| ~SPC m s l~ | send line                                            |[m
[31m-| ~SPC m s L~ | send line and switch to REPL                         |[m
[31m-| ~SPC m s r~ | send region                                          |[m
[31m-| ~SPC m s R~ | send region and switch to REPL                       |[m
[31m-| ~SPC m s s~ | switch to REPL                                       |[m
[31m-| ~SPC m x '​~ | Change symbol or " string to '                       |[m
[31m-| ~SPC m x "​~ | Change symbol or ' string to "                       |[m
[31m-| ~SPC m x :~ | Change string to symbol                              |[m
[31m-| ~SPC m x h~ | toggle hash syntax in active region                  |[m
[31m-| ~%~         | [[https://github.com/redguardtoo/evil-matchit][evil-matchit]] jumps between blocks                    |[m
[32m+[m[32m| Key binding | Description                                       |[m
[32m+[m[32m|-------------+---------------------------------------------------|[m
[32m+[m[32m| ~SPC m g g~ | go to definition (robe-jump)                      |[m
[32m+[m[32m| ~SPC m h h~ | show documentation for method at point (robe-doc) |[m
[32m+[m[32m| ~SPC m s b~ | send buffer                                       |[m
[32m+[m[32m| ~SPC m s B~ | send buffer and switch to REPL                    |[m
[32m+[m[32m| ~SPC m s f~ | send function definition                          |[m
[32m+[m[32m| ~SPC m s F~ | send function definition and switch to REPL       |[m
[32m+[m[32m| ~SPC m s i~ | start REPL                                        |[m
[32m+[m[32m| ~SPC m s l~ | send line                                         |[m
[32m+[m[32m| ~SPC m s L~ | send line and switch to REPL                      |[m
[32m+[m[32m| ~SPC m s r~ | send region                                       |[m
[32m+[m[32m| ~SPC m s R~ | send region and switch to REPL                    |[m
[32m+[m[32m| ~SPC m s s~ | switch to REPL                                    |[m
[32m+[m[32m| ~SPC m x '​~ | Change symbol or " string to '                    |[m
[32m+[m[32m| ~SPC m x "​~ | Change symbol or ' string to "                    |[m
[32m+[m[32m| ~SPC m x :~ | Change string to symbol                           |[m
[32m+[m[32m| ~SPC m x h~ | toggle hash syntax in active region               |[m
[32m+[m[32m| ~%~         | [[https://github.com/redguardtoo/evil-matchit][evil-matchit]] jumps between blocks                 |[m
 [m
 ** Bundler[m
 [m</Chunk>
  </Example>
  <Example>
    <Log>Lisp/syl20bnr@spacemacs/failed/406017855.log</Log>
    <Keywords>======================================================================, , </Keywords>
    <Category>0</Category>
    <Chunk>[1mdiff --git a/EXPERIMENTAL.org b/EXPERIMENTAL.org[m
[1mindex 82a3659..45640f1 100644[m
[1m--- a/EXPERIMENTAL.org[m
[1m+++ b/EXPERIMENTAL.org[m
[36m@@ -100,6 +100,7 @@[m [mneed to install the following packages:[m
 Install MSYS2 x86_64 from [[http://repo.msys2.org/distrib/x86_64/][here]].[m
 [m
 Run msys2_shell.bat and in the msys2 prompt run:[m
[32m+[m
 #+BEGIN_SRC shell[m
   pacman -S base-devel mingw-w64-x86_64-toolchain \[m
   mingw-w64-x86_64-xpm-nox mingw-w64-x86_64-libtiff \[m
[1mdiff --git a/doc/DOCUMENTATION.org b/doc/DOCUMENTATION.org[m
[1mindex 2434a89..6269f34 100644[m
[1m--- a/doc/DOCUMENTATION.org[m
[1m+++ b/doc/DOCUMENTATION.org[m
[36m@@ -431,6 +431,7 @@[m [mYou can install such packages by adding them to the variable[m
 =dotspacemacs-additional-packages= under the =dotspacemacs/layers= function in your dotfile.[m
 [m
 For example, to install =llvm-mode= and =dts-mode=:[m
[32m+[m
 #+BEGIN_SRC emacs-lisp[m
 (defun dotspacemacs/layers ()[m
   "Configuration Layers declaration..."[m
[1mdiff --git a/doc/FAQ.org b/doc/FAQ.org[m
[1mindex a01b835..b6397cb 100644[m
[1m--- a/doc/FAQ.org[m
[1m+++ b/doc/FAQ.org[m
[36m@@ -323,6 +323,7 @@[m [museless. The variable =spacemacs-useful-buffers-regexp= marks buffers matching[m
 the regexp as useful buffers. Both can be customized the same way.[m
 [m
 Examples:[m
[32m+[m
 #+BEGIN_SRC emacs-lisp[m
 ;; Only mark helm buffers as useless[m
 (setq spacemacs-useless-buffers-regexp '("\\*helm\.\+\\*"))[m
[36m@@ -544,6 +545,7 @@[m [marguments of the =ag= program.[m
 [m
 ** Modify spacemacs documentation look (space-doc-mode)[m
 You can modify the list of visual enhancements applied by the =space-doc-mode=:[m
[32m+[m
 #+BEGIN_SRC emacs-lisp[m
 (setq spacemacs-space-doc-modificators[m
       '(center-buffer-mode[m
[36m@@ -557,6 +559,7 @@[m [mYou can modify the list of visual enhancements applied by the =space-doc-mode=:[m
         org-kbd-face-remap[m
         resize-inline-images))[m
 #+END_SRC[m
[32m+[m
 By default only =center-buffer-mode= is disabled.[m
 Both =space-doc-mode= and =center-buffer-mode= can be customized[m
 with "Easy Customization Interface".[m
[36m@@ -566,6 +569,7 @@[m [mIn vim and evil, pasting over a text would cause it to be copied, hence making i[m
 the same text multiple times.[m
 [m
 To fix this, add the following snippet to your ~user-config~:[m
[32m+[m
 #+BEGIN_SRC emacs-lisp[m
 (defun evil-paste-after-from-0 ()[m
   (interactive)[m
[1mdiff --git a/layers/+completion/auto-completion/README.org b/layers/+completion/auto-completion/README.org[m
[1mindex d8d95bc..0e0b466 100644[m
[1m--- a/layers/+completion/auto-completion/README.org[m
[1m+++ b/layers/+completion/auto-completion/README.org[m
[36m@@ -189,6 +189,7 @@[m [mbackends to provide mode-specific completion. These modes will include[m
 completion backends specified in the `spacemacs-default-company-backends`[m
 variable. The defaults should work well, but you can configure this variable in[m
 your =.spacemacs= file with (e.g.)[m
[32m+[m
 #+BEGIN_SRC emacs-lisp[m
   (setq-default[m
    dotspacemacs-configuration-layers[m
[1mdiff --git a/layers/+distributions/spacemacs-docker/README.org b/layers/+distributions/spacemacs-docker/README.org[m
[1mindex b45ce0d..dd5be3c 100644[m
[1m--- a/layers/+distributions/spacemacs-docker/README.org[m
[1m+++ b/layers/+distributions/spacemacs-docker/README.org[m
[36m@@ -65,6 +65,7 @@[m [mthe same machine.[m
 ** MacOS[m
 Get [[https://www.xquartz.org][XQuartz]] and =open -a XQuartz= In the XQuartz preferences go to the "Security"[m
 tab and make sure you’ve got "Allow connections from network clients" ticked[m
[32m+[m
 #+BEGIN_SRC sh[m
  ip=$(ifconfig en0 | grep inet | awk '$1=="inet" {print $2}')[m
  xhost + $ip[m
[36m@@ -74,11 +75,13 @@[m [mtab and make sure you’ve got "Allow connections from network clients" ticked[m
   -v path_to_your_workspace&gt;:/mnt/workspace \[m
   spacemacs/emacs25:develop[m
 #+END_SRC[m
[32m+[m
 [[https://fredrikaverpil.github.io/2016/07/31/docker-for-mac-and-gui-applications][source]],[m
 [[https://github.com/chanezon/docker-tips/blob/master/x11/README.md][another method]][m
 [m
 ** Windows[m
 Get [[https://www.cygwin.com][Cygwin]] with =xinit=, =xorg-server= and optionaly [[https://github.com/rprichard/winpty][winpty]](to run Emacs container with =-t=)[m
[32m+[m
 #+BEGIN_SRC sh[m
  export DISPLAY=your-machine-ip&gt;:0.0[m
  startxwin -- -listen tcp [m
[36m@@ -92,17 +95,20 @@[m [mGet [[https://www.cygwin.com][Cygwin]] with =xinit=, =xorg-server= and optionaly[m
 #+END_SRC[m
 [m
  Or with =-ti= via =winpty=[m
[32m+[m
 #+BEGIN_SRC sh[m
 winpty docker run -ti --name spacemacs \[m
  -e DISPLAY="$DISPLAY" \[m
  -v path_to_your_workspace&gt;:/mnt/workspace \[m
  spacemacs/emacs25:develop[m
 #+END_SRC[m
[32m+[m
 [[http://manomarks.github.io/2015/12/03/docker-gui-windows.html][source]][m
 Also You can use [[https://www.reddit.com/r/emacs/comments/7a63r4/emacs_in_win10linuxdockerxserver_combo/][@ninrod 's setup]][m
 [m
 ** GNU/Linux[m
 Make sure that =$DISPLAY= variable is set[m
[32m+[m
 #+BEGIN_SRC sh[m
  docker run -ti --name spacemacs \[m
   -e DISPLAY="unix$DISPLAY" \[m
[36m@@ -116,17 +122,22 @@[m [mMake sure that =$DISPLAY= variable is set[m
   -v path_to_your_workspace&gt;:/mnt/workspace \[m
   spacemacs/emacs25:develop[m
 #+END_SRC[m
[32m+[m
 =UID= and preferably =UNAME= should match the host's user id. You can set them[m
 in your Dockerfile with [[https://docs.docker.com/engine/reference/builder/#env][ENV statements]].[m
 That's it! Now you should see Emacs window.[m
 But if it doesn't work You may need to allow local connection for the user[m
[32m+[m
 #+BEGIN_SRC sh[m
  xhost +si:localuser:UNAME&gt;[m
 #+END_SRC[m
[32m+[m
 Or allow local connection from the container's host-name[m
[32m+[m
 #+BEGIN_SRC sh[m
  xhost +local:`docker inspect --format='{{ .Config.Hostname }}' spacemacs`[m
 #+END_SRC[m
[32m+[m
 [[http://stackoverflow.com/questions/25281992/alternatives-to-ssh-x11-forwarding-for-docker-containers][source]][m
 [m
 ** With Xpra on any of the OSes and via web-browser[m
[36m@@ -145,6 +156,7 @@[m [mhere is a short instruction:[m
 [m
 **** With Xpra desktop client[m
 Get [[https://xpra.org/][Xpra]] client for your OS. then[m
[32m+[m
 #+BEGIN_SRC sh[m
  docker run -ti --rm --name x11-bridge \[m
   -e MODE="ssh" \[m
[36m@@ -159,7 +171,9 @@[m [mGet [[https://xpra.org/][Xpra]] client for your OS. then[m
   -e TZ=your_time_zone&gt; \[m
   spacemacs/emacs25:develop[m
 #+END_SRC[m
[32m+[m
 Now you can connect to it with Xpra desktop client[m
[32m+[m
 #+BEGIN_SRC sh[m
  XPRA EXECUTABLE&gt; attach --encoding=rgb \[m
   --ssh="ssh -o StrictHostKeyChecking=no -p 22" \[m
[36m@@ -181,6 +195,7 @@[m [mNow you can connect to it with Xpra desktop client[m
   -e DISPLAY=:14 \[m
   spacemacs/emacs25:develop[m
 #+END_SRC[m
[32m+[m
 Now visit http://localhost:10000/index.html?encoding=pngpassword=PASSWORD&gt;[m
 [m
 * Some basic docker commands to get you going[m
[1mdiff --git a/layers/+distributions/spacemacs-docker/deps-install/README.org b/layers/+distributions/spacemacs-docker/deps-install/README.org[m
[1mindex 89ce485..13815bd 100644[m
[1m--- a/layers/+distributions/spacemacs-docker/deps-install/README.org[m
[1m+++ b/layers/+distributions/spacemacs-docker/deps-install/README.org[m
[36m@@ -33,6 +33,7 @@[m [monly if the variable =go-use-gometalinter= is =t=.[m
 Set  =LAYER_NAME&gt;-spacemacs-docker-disable-deps-install= to =t=[m
 if you want to disable dependency installation for the =LAYER_NAME&gt;= layer.[m
 Example:[m
[32m+[m
 #+BEGIN_SRC emacs-lisp[m
   (pandoc :variables pandoc-spacemacs-docker-disable-deps-install t)[m
 #+END_SRC[m
[1mdiff --git a/layers/+emacs/org/README.org b/layers/+emacs/org/README.org[m
[1mindex 10db349..9617820 100644[m
[1m--- a/layers/+emacs/org/README.org[m
[1m+++ b/layers/+emacs/org/README.org[m
[36m@@ -198,6 +198,7 @@[m [mor defined along side the layer itself.[m
 For example:[m
 [m
 #+Caption: Configure org-journal with the layer[m
[32m+[m
 #+BEGIN_SRC emacs-lisp[m
   (setq-default dotspacemacs-configuration-layers '([m
                                                     (org :variables[m
[1mdiff --git a/layers/+email/notmuch/README.org b/layers/+email/notmuch/README.org[m
[1mindex 852e094..2b213d1 100644[m
[1m--- a/layers/+email/notmuch/README.org[m
[1m+++ b/layers/+email/notmuch/README.org[m
[36m@@ -65,6 +65,7 @@[m [mConfigure =~/.mailrc= with the path where =msmtp= is found.[m
 [m
 For example:[m
 #+srcname: contents of ~/.mailrc[m
[32m+[m
 #+BEGIN_SRC rc[m
 set sendmail="/usr/local/bin/msmtp"[m
 #+END_SRC[m
[1mdiff --git a/layers/+frameworks/emberjs/README.org b/layers/+frameworks/emberjs/README.org[m
[1mindex dc84aa7..73f7a6c 100644[m
[1m--- a/layers/+frameworks/emberjs/README.org[m
[1m+++ b/layers/+frameworks/emberjs/README.org[m
[36m@@ -1,4 +1,5 @@[m
 #+TITLE: emberjs layer[m
[32m+[m
 #+CAPTION: logo[m
 [[file:img/ember.png]][m
 [m
[1mdiff --git a/layers/+frameworks/react/README.org b/layers/+frameworks/react/README.org[m
[1mindex 948edc5..fde7b52 100644[m
[1m--- a/layers/+frameworks/react/README.org[m
[1m+++ b/layers/+frameworks/react/README.org[m
[36m@@ -34,6 +34,7 @@[m [mReact layer uses the same backend defined in javascript layer. Options are =tern[m
 [m
 To use the on-the-fly syntax checking, install =eslint= with babel and react[m
 support:[m
[32m+[m
 #+BEGIN_SRC sh[m
   $ npm install -g eslint babel-eslint eslint-plugin-react[m
 #+END_SRC[m
[36m@@ -44,18 +45,21 @@[m [mtry out this one by Airbnb:[m
 [m
 In order to use automatic code formatting you need to install ~js-beautify~[m
 with:[m
[32m+[m
 #+BEGIN_SRC sh[m
   $ npm install -g js-beautify[m
 #+END_SRC[m
 [m
 If you install these in non-standard locations, then add the following to your[m
 =dotspacemacs/user-init= function:[m
[32m+[m
 #+BEGIN_SRC elisp[m
   (add-to-list 'exec-path "/path/to/node/bins" t)[m
 #+END_SRC[m
 [m
 Be sure to have the ~e4x~ option set to ~true~ on your ~.jsbeautifyrc~ here it[m
 is my configuration as an example:[m
[32m+[m
 #+BEGIN_SRC json[m
   {[m
     "indent_size": 2,[m
[36m@@ -103,6 +107,7 @@[m [mmay use these settings:[m
 [m
 And if you want to have 2 space indent also for element's attributes,[m
 concatenations and contiguous function calls:[m
[32m+[m
 #+begin_src emacs-lisp[m
   (with-eval-after-load 'web-mode[m
     (add-to-list 'web-mode-indentation-params '("lineup-args" . nil))[m
[1mdiff --git a/layers/+intl/chinese/README.org b/layers/+intl/chinese/README.org[m
[1mindex 89145b5..83006de 100644[m
[1m--- a/layers/+intl/chinese/README.org[m
[1m+++ b/layers/+intl/chinese/README.org[m
[36m@@ -42,6 +42,7 @@[m [mfile.[m
 *** Configure the Default Input Method(配置默认中文输入法)[m
 The default Chinese input method is =Chinese-pyim=, if you are a Wubi(五笔) user,[m
 you could set the variable =chinese-default-input-method= to =wubi=:[m
[32m+[m
 #+begin_src emacs-lisp[m
   (setq-default dotspacemacs-configuration-layers '([m
     (chinese :variables chinese-default-input-method 'wubi)))[m
[36m@@ -59,6 +60,7 @@[m [mjust press =s= to save and =R= to restart configuration.[m
   (setq-default dotspacemacs-configuration-layers '((chinese :variables[m
                                                              chinese-enable-fcitx t)))[m
 #+END_SRC[m
[32m+[m
 If you don’t need to type Chinese in minibuffer, you can temporarily disable fcitx in the minibuffer[m
 with the following configuration.[m
 [m
[36m@@ -109,6 +111,7 @@[m [mto the Latin font size. You could call =spacemacs//set-monospaced-font= with[m
 your own Chinese font name in =dotspacemacs/user-config= function.[m
 [m
 Example configuration:[m
[32m+[m
 #+BEGIN_SRC emacs-lisp[m
 ;; Note: The Hiragino Sans GB is bundled with MacOS X.[m
 ;; If you are not using MacOS X, you should change it to another Chinese font name.[m
[1mdiff --git a/layers/+intl/japanese/README.org b/layers/+intl/japanese/README.org[m
[1mindex a55faf3..945b450 100644[m
[1m--- a/layers/+intl/japanese/README.org[m
[1m+++ b/layers/+intl/japanese/README.org[m
[36m@@ -1,4 +1,5 @@[m
 #+TITLE: Japanese layer[m
[32m+[m
 [[file:img/Japanese.png]][m
 [m
 * Table of Contents                                       :TOC_4_gh:noexport:[m
[36m@@ -64,10 +65,12 @@[m [minside ~dotspacemacs/user-config~.[m
 [m
 *** helm-with-migemo[m
 If you want to use helm with migemo, you should add:[m
[32m+[m
 #+BEGIN_SRC emacs-lisp[m
   (with-eval-after-load "helm"[m
     (helm-migemo-mode 1))[m
 #+END_SRC[m
[32m+[m
 inside ~dotspacemacs/user-config~. Note that you may find in a package called[m
 ~helm-migemo.el~ in MELPA. However, this package is deprecated and not supported[m
 by helm.[m
[1mdiff --git a/layers/+intl/keyboard-layout/README.org b/layers/+intl/keyboard-layout/README.org[m
[1mindex efaa3a2..ffac0dc 100644[m
[1m--- a/layers/+intl/keyboard-layout/README.org[m
[1m+++ b/layers/+intl/keyboard-layout/README.org[m
[36m@@ -69,6 +69,7 @@[m [mconfiguration by yourself*. =NAME&gt;= is the name of the configuration you want[m
 to customize, they are listed under the [[#configuration][Configuration]] section.[m
 [m
 Example:[m
[32m+[m
 #+begin_src emacs-lisp[m
 (defun kl/post-config-company ()[m
   "Company delete backward."[m
[1mdiff --git a/layers/+lang/clojure/README.org b/layers/+lang/clojure/README.org[m
[1mindex 4da7934..3d68b5f 100644[m
[1m--- a/layers/+lang/clojure/README.org[m
[1m+++ b/layers/+lang/clojure/README.org[m
[36m@@ -70,6 +70,7 @@[m [mTo enable this feature, add the following snippet to the[m
 #+END_SRC[m
 [m
 Or set this variable when loading the configuration layer:[m
[32m+[m
 #+BEGIN_SRC emacs-lisp[m
   (setq-default dotspacemacs-configuration-layers[m
   '((clojure :variables clojure-enable-fancify-symbols t)))[m
[1mdiff --git a/layers/+lang/elm/README.org b/layers/+lang/elm/README.org[m
[1mindex 84664e4..1c18457 100644[m
[1m--- a/layers/+lang/elm/README.org[m
[1m+++ b/layers/+lang/elm/README.org[m
[36m@@ -66,9 +66,11 @@[m [mOfficial installers for these operating systems are available from:[m
 *** Universal installer using npm[m
 A npm based installer is available to, and provides pre-compiled binaries for[m
 certain operating system and architectures.[m
[32m+[m
 #+BEGIN_SRC sh[m
   npm install --global elm[m
 #+END_SRC[m
[32m+[m
 Also, note that you might need to set the =ELM_HOME= environment variables to[m
 the corresponding directory created by the installer.[m
 [m
[1mdiff --git a/layers/+lang/factor/README.org b/layers/+lang/factor/README.org[m
[1mindex ee44c43..cea3b10 100644[m
[1m--- a/layers/+lang/factor/README.org[m
[1m+++ b/layers/+lang/factor/README.org[m
[36m@@ -1,4 +1,5 @@[m
 #+TITLE: Factor Layer[m
[32m+[m
 [[file:img/logo.png]][m
 [m
 * Table of Contents                                       :TOC_4_gh:noexport:[m
[1mdiff --git a/layers/+lang/go/README.org b/layers/+lang/go/README.org[m
[1mindex 73aec7f..02e7ae9 100644[m
[1m--- a/layers/+lang/go/README.org[m
[1m+++ b/layers/+lang/go/README.org[m
[36m@@ -128,6 +128,7 @@[m [mclosed by pressing ~C-g~ from any other window. The variable[m
 =go-test-buffer-name= can be customized to set the output buffer name.[m
 [m
 To provide additional arguments to go test, specify =go-use-test-args=.[m
[32m+[m
 #+begin_src emacs-lisp[m
   (go :variables go-use-test-args "-race -timeout 10s"[m
 #+end_src[m
[1mdiff --git a/layers/+lang/ipython-notebook/README.org b/layers/+lang/ipython-notebook/README.org[m
[1mindex 9b902b7..f696893 100644[m
[1m--- a/layers/+lang/ipython-notebook/README.org[m
[1m+++ b/layers/+lang/ipython-notebook/README.org[m
[36m@@ -49,12 +49,14 @@[m [min this file.[m
 Install IPython Notebook &gt; 3[m
 [m
 Note that IPython Notebook has now been renamed to [[https://jupyter.org/install][Jupyter Notebook]].[m
[32m+[m
 #+begin_src sh[m
   pip install jupyter[m
 #+end_src[m
 [m
 ** What needs to be run[m
 Have an IPython notebook running[m
[32m+[m
 #+begin_src sh[m
   jupyter notebook[m
 #+end_src[m
[1mdiff --git a/layers/+lang/java/README.org b/layers/+lang/java/README.org[m
[1mindex d258065..71f1445 100644[m
[1m--- a/layers/+lang/java/README.org[m
[1m+++ b/layers/+lang/java/README.org[m
[36m@@ -103,6 +103,7 @@[m [mBackend can be chosen on a per project basis using directory local variables[m
 If you want to use the Ensime backend, you should modify your =~/.spacemacs= to[m
 use the recommended Ensime version (Stable). Please add the following lines to[m
 =dotspacemacs/user-init=:[m
[32m+[m
 #+BEGIN_SRC emacs-lisp[m
   (add-to-list 'configuration-layer-elpa-archives '("melpa-stable" . "stable.melpa.org/packages/"))[m
   (add-to-list 'package-pinned-packages '(ensime . "melpa-stable"))[m
[36m@@ -198,9 +199,11 @@[m [mJava projects as well.[m
 [m
 *** Installation when using SBT[m
 Find it with your favourite package manager, eg:[m
[32m+[m
 #+BEGIN_SRC shell[m
   nix-env --install sbt[m
 #+END_SRC[m
[32m+[m
 or refer to [[http://www.scala-sbt.org/download.html][the sbt installation instructions]].[m
 [m
 *** Installation when using Gradle[m
[36m@@ -214,6 +217,7 @@[m [mthe development version of Ensime so follow the appropriate steps.[m
 To use the build functions under ~SPC m b~ you need to use version =0.13.5= or[m
 newer of =sbt=, and specify that in your project's =project/build.properties=.[m
 For example,[m
[32m+[m
 #+BEGIN_SRC scala[m
   sbt.version=0.13.11[m
 #+END_SRC[m
[1mdiff --git a/layers/+lang/javascript/README.org b/layers/+lang/javascript/README.org[m
[1mindex 447f981..86a7063 100644[m
[1m--- a/layers/+lang/javascript/README.org[m
[1m+++ b/layers/+lang/javascript/README.org[m
[36m@@ -40,6 +40,7 @@[m [mthis file.[m
 [m
 To activate error checking using flycheck, install one of the [[http://www.flycheck.org/en/latest/languages.html#javascript][available linters]][m
 such as =ESLint= or =JSHint=:[m
[32m+[m
 #+BEGIN_SRC sh[m
   $ npm install -g eslint[m
   # or[m
[36m@@ -47,6 +48,7 @@[m [msuch as =ESLint= or =JSHint=:[m
 #+END_SRC[m
 [m
 If you install these in non-standard locations, then add the following to your =dotspacemacs/user-init= function:[m
[32m+[m
 #+BEGIN_SRC elisp[m
   (add-to-list 'exec-path "/path/to/node/bins" t)[m
 #+END_SRC[m
[36m@@ -95,6 +97,7 @@[m [msuch:[m
 #+END_SRC[m
 [m
 or when adding the =javascript= configuration layer:[m
[32m+[m
 #+BEGIN_SRC emacs-lisp[m
   (javascript :variables js2-basic-offset 2)[m
 #+END_SRC[m
[36m@@ -107,6 +110,7 @@[m [mSimilarly, to change how js-mode indents JSON files, set the variable[m
 #+END_SRC[m
 [m
 or when adding the =javascript= configuration layer:[m
[32m+[m
 #+BEGIN_SRC emacs-lisp[m
   (javascript :variables js-indent-level 2)[m
 #+END_SRC[m
[1mdiff --git a/layers/+lang/plantuml/README.org b/layers/+lang/plantuml/README.org[m
[1mindex 839f427..446bce8 100644[m
[1m--- a/layers/+lang/plantuml/README.org[m
[1m+++ b/layers/+lang/plantuml/README.org[m
[36m@@ -1,4 +1,5 @@[m
 #+TITLE: plantuml layer[m
[32m+[m
 [[file:img/logo.png]][m
 [m
 * Table of Contents                                        :TOC_4_gh:noexport:[m
[1mdiff --git a/layers/+lang/python/README.org b/layers/+lang/python/README.org[m
[1mindex 88ab27a..972f3fe 100644[m
[1m--- a/layers/+lang/python/README.org[m
[1m+++ b/layers/+lang/python/README.org[m
[36m@@ -141,6 +141,7 @@[m [meither =nose= or =pytest=.[m
 #+END_SRC[m
 [m
 If you need both then you can set =python-test-runner= to a list like this:[m
[32m+[m
 #+BEGIN_SRC emacs-lisp[m
 (setq-default dotspacemacs-configuration-layers[m
   '((python :variables python-test-runner '(pytest nose))))[m
[1mdiff --git a/layers/+lang/scala/README.org b/layers/+lang/scala/README.org[m
[1mindex fad1f72..e47f684 100644[m
[1m--- a/layers/+lang/scala/README.org[m
[1m+++ b/layers/+lang/scala/README.org[m
[36m@@ -38,6 +38,7 @@[m [mfile.[m
 [m
 Then, you should modify your =~/.spacemacs= to use the recommended Ensime[m
 version (Stable). Please add the following lines to =dotspacemacs/user-init=:[m
[32m+[m
 #+BEGIN_SRC emacs-lisp[m
   (add-to-list 'configuration-layer-elpa-archives '("melpa-stable" . "stable.melpa.org/packages/"))[m
   (add-to-list 'package-pinned-packages '(ensime . "melpa-stable"))[m
[36m@@ -65,6 +66,7 @@[m [mTo use scalastyle, it must be present as an executable in your =PATH=.[m
 [m
 To test if =scalastyle= executable is in your path, run =scalastyle= in a new[m
 terminal, it should output something like:[m
[32m+[m
 #+BEGIN_SRC bash[m
 $ scalastyle[m
 scalastyle 0.8.0[m
[36m@@ -74,6 +76,7 @@[m [mUsage: scalastyle [options] source directory&gt;[m
 [m
 Finally, enable the =syntax-checking= layer and set the =flycheck-scalastylerc=[m
 variable to a valid location.[m
[32m+[m
 #+BEGIN_SRC emacs-lisp[m
   (setq-default flycheck-scalastylerc "/usr/local/etc/scalastyle_config.xml")[m
 #+END_SRC[m
[1mdiff --git a/layers/+lang/swift/README.org b/layers/+lang/swift/README.org[m
[1mindex 6fba1ab..44c6078 100644[m
[1m--- a/layers/+lang/swift/README.org[m
[1m+++ b/layers/+lang/swift/README.org[m
[36m@@ -26,6 +26,7 @@[m [mgeneral purpose scripting language.[m
 First check that you are able to run this from the command line:[m
 [m
 On OS X:[m
[32m+[m
 #+BEGIN_SRC sh[m
   xcrun swift[m
 #+END_SRC[m
[1mdiff --git a/layers/+themes/colors/local/nyan-mode/README.org b/layers/+themes/colors/local/nyan-mode/README.org[m
[1mindex bd1416f..fc89958 100644[m
[1m--- a/layers/+themes/colors/local/nyan-mode/README.org[m
[1m+++ b/layers/+themes/colors/local/nyan-mode/README.org[m
[36m@@ -39,6 +39,7 @@[m [mFor those who were asking, or are planning to, [[http://friendfeed.com/amitp/b40[m
 some tips on how to make nyan-mode work with custom modeline.[m
 [m
 He basically changed the mode-line-format to include:[m
[32m+[m
 #+begin_src emacs-lisp[m
   (:eval (list (nyan-create)))[m
 #+end_src[m
[1mdiff --git a/layers/+themes/theming/README.org b/layers/+themes/theming/README.org[m
[1mindex 82c2145..00b2a1f 100644[m
[1m--- a/layers/+themes/theming/README.org[m
[1m+++ b/layers/+themes/theming/README.org[m
[36m@@ -54,6 +54,7 @@[m [mIt should be a list of the following form:[m
                                       :style released-button)[m
                                 :background "#5a5a5a")))))[m
 #+end_src[m
[32m+[m
 Source: [[https://gist.github.com/TheBB/f25a607b9bda4d5861f2#file-init-el-L274][gist]][m
 [m
 This will apply the given attributes to the relevant faces whenever the[m
[1mdiff --git a/layers/+tools/cfengine/README.org b/layers/+tools/cfengine/README.org[m
[1mindex 121c234..e127ccc 100644[m
[1m--- a/layers/+tools/cfengine/README.org[m
[1m+++ b/layers/+tools/cfengine/README.org[m
[36m@@ -1,4 +1,5 @@[m
 #+TITLE: CFEngine layer[m
[32m+[m
 #+PROPERTY: header-args :eval never-export[m
 [m
 [[file:./img/agent.png]][m
[1mdiff --git a/layers/+tools/cmake/README.org b/layers/+tools/cmake/README.org[m
[1mindex 39b8a40..f456617 100644[m
[1m--- a/layers/+tools/cmake/README.org[m
[1m+++ b/layers/+tools/cmake/README.org[m
[36m@@ -1,4 +1,5 @@[m
 #+TITLE: CMake layer[m
[32m+[m
 [[file:img/cmake.png]][m
 [m
 * Table of Contents                                         :TOC_4_gh:noexport:[m
[1mdiff --git a/layers/+tools/ranger/README.org b/layers/+tools/ranger/README.org[m
[1mindex b0e061e..32e294c 100644[m
[1m--- a/layers/+tools/ranger/README.org[m
[1m+++ b/layers/+tools/ranger/README.org[m
[36m@@ -17,6 +17,7 @@[m [madd =ranger= to the existing =dotspacemacs-configuration-layers= list in this[m
 file.[m
 [m
 To default with preview enabled when entering ranger:[m
[32m+[m
 #+BEGIN_SRC emacs-lisp[m
 (setq-default dotspacemacs-configuration-layers[m
               '(ranger :variables[m
[36m@@ -32,63 +33,74 @@[m [msession. Any settings that are desired on startup should be set below.[m
 [m
 ** Customizing[m
 You toggle the use of =-= to enter ranger with `ranger-enter-with-minus`.[m
[32m+[m
 #+BEGIN_SRC elisp[m
 (setq ranger-enter-with-minus t)[m
 #+END_SRC[m
 [m
 When disabling the mode you can choose to kill the buffers that were opened[m
 while browsing the directories.[m
[32m+[m
 #+BEGIN_SRC elisp[m
 (setq ranger-cleanup-on-disable t)[m
 #+END_SRC[m
 [m
 Or you can choose to kill the buffer just after you move to another entry in the[m
 dired buffer.[m
[32m+[m
 #+BEGIN_SRC elisp[m
 (setq ranger-cleanup-eagerly t)[m
 #+END_SRC[m
 [m
 You can choose to show dotfiles at ranger startup, toggled by =zh=[m
[32m+[m
 #+BEGIN_SRC elisp[m
 (setq ranger-show-hidden t)[m
 #+END_SRC[m
 [m
 Define custom function used to output header of primary ranger window. Must[m
 return a string that is placed in the header-line.[m
[32m+[m
 #+BEGIN_SRC elisp[m
 (setq ranger-header-func 'ranger-header-line)[m
 #+END_SRC[m
 [m
 Define custom function used to output header of parent and preview windows. Must[m
 return a string that is placed in the header-line.[m
[32m+[m
 #+BEGIN_SRC elisp[m
 (setq ranger-parent-header-func 'ranger-parent-header-line)[m
 #+END_SRC[m
 [m
 ** Parent options[m
 You can set the number of folders to nest to the left, adjusted by =z-= and =z+=[m
[32m+[m
 #+BEGIN_SRC elisp[m
 (setq ranger-parent-depth 2)[m
 #+END_SRC[m
 [m
 You can set the size of the parent windows as a fraction of the frame size[m
[32m+[m
 #+BEGIN_SRC elisp[m
 (setq ranger-width-parents 0.12)[m
 #+END_SRC[m
 [m
 When increasing number of nested parent folders, set max width as fraction of[m
 frame size to prevent filling up entire frame with parents.[m
[32m+[m
 #+BEGIN_SRC elisp[m
 (setq ranger-max-parent-width 0.12)[m
 #+END_SRC[m
 [m
 ** Preview options[m
 You can choose to show previews literally, or through find-file, toggled by =zi=[m
[32m+[m
 #+BEGIN_SRC elisp[m
 (setq ranger-show-literal t)[m
 #+END_SRC[m
 [m
 You can set the size of the preview windows as a fraction of the frame size[m
[32m+[m
 #+BEGIN_SRC elisp[m
 (setq ranger-width-preview 0.55)[m
 #+END_SRC[m
[36m@@ -96,11 +108,13 @@[m [mYou can set the size of the preview windows as a fraction of the frame size[m
 You probably don't want to open certain files like videos when using preview. To[m
 ignore certain files when moving over them you can customize the following to[m
 your liking:[m
[32m+[m
 #+BEGIN_SRC elisp[m
 (setq ranger-ignored-extensions '("mkv" "iso" "mp4"))[m
 #+END_SRC[m
 [m
 To set the max files size (in MB), set the following parameter:[m
[32m+[m
 #+BEGIN_SRC elisp[m
 (setq ranger-max-preview-size 10)[m
 #+END_SRC[m
[1mdiff --git a/layers/+tools/restclient/README.org b/layers/+tools/restclient/README.org[m
[1mindex 9b8ef95..8f4f281 100644[m
[1m--- a/layers/+tools/restclient/README.org[m
[1m+++ b/layers/+tools/restclient/README.org[m
[36m@@ -36,9 +36,11 @@[m [mAlso there is an [[http://emacsrocks.com/e15.html][Emacs Rocks!]] episode of it.[m
 There is support for =org-babel= and =restclient= code blocks, for instance:[m
 [m
 #+BEGIN_EXAMPLE[m
[32m+[m
 #+BEGIN_SRC restclient[m
   GET http://example.com[m
 #+END_SRC[m
[32m+[m
 #+END_EXAMPLE[m
 [m
 ** Keybindings[m
[1mdiff --git a/layers/+tools/tern/README.org b/layers/+tools/tern/README.org[m
[1mindex 441964d..bc90859 100644[m
[1m--- a/layers/+tools/tern/README.org[m
[1m+++ b/layers/+tools/tern/README.org[m
[36m@@ -24,6 +24,7 @@[m [madd =tern= to the existing =dotspacemacs-configuration-layers= list in this[m
 file.[m
 [m
 You can install =tern= globally with the following command:[m
[32m+[m
 #+BEGIN_SRC sh[m
   $ npm install -g tern[m
 #+END_SRC[m
[1mdiff --git a/layers/+tools/transmission/README.org b/layers/+tools/transmission/README.org[m
[1mindex 0b2cac6..35c4947 100644[m
[1m--- a/layers/+tools/transmission/README.org[m
[1m+++ b/layers/+tools/transmission/README.org[m
[36m@@ -24,15 +24,18 @@[m [mThis layer integrates a BitTorrent client into Spacemacs.[m
 * Install[m
 To use this configuration layer, add it to your =~/.spacemacs=. You will need to[m
 install and configure =transmission-daemon=. Debian example:[m
[32m+[m
 #+BEGIN_SRC sh[m
 sudo apt-get -y install transmission-daemon[m
 sudo service transmission-daemon stop[m
 #+END_SRC[m
[32m+[m
 Set =rpc-authentication-required= to false (or 0 if it is numeric)[m
 in /etc/transmission-daemon/settings.json or[m
 configure authorization.[m
 See transmission.el [[https://github.com/holomorph/transmission][README.org]] for details.[m
 Start the daemon:[m
[32m+[m
 #+BEGIN_SRC sh[m
 sudo service transmission-daemon start[m
 #+END_SRC[m
[36m@@ -41,6 +44,7 @@[m [msudo service transmission-daemon start[m
 ** How to enable status auto refresh?[m
 Add  =(transmission :variables transmission-auto-refresh-all t)= to[m
 =dotspacemacs-configuration-layers= or pick modes manually:[m
[32m+[m
 #+BEGIN_SRC emacs-lisp[m
 (setq transmission-refresh-modes '(transmission-mode[m
                                    transmission-files-mode[m
[1mdiff --git a/layers/+tools/web-beautify/README.org b/layers/+tools/web-beautify/README.org[m
[1mindex 6daf768..0de3b85 100644[m
[1m--- a/layers/+tools/web-beautify/README.org[m
[1m+++ b/layers/+tools/web-beautify/README.org[m
[36m@@ -18,6 +18,7 @@[m [madd =web-beautify= to the existing =dotspacemacs-configuration-layers= list in[m
 this file.[m
 [m
 To install =js-beautify= globally:[m
[32m+[m
 #+BEGIN_SRC sh[m
   $ npm install -g js-beautify[m
 #+END_SRC[m
[1mdiff --git a/layers/+web-services/wakatime/README.org b/layers/+web-services/wakatime/README.org[m
[1mindex 5690eec..191baa6 100644[m
[1m--- a/layers/+web-services/wakatime/README.org[m
[1m+++ b/layers/+web-services/wakatime/README.org[m
[36m@@ -30,11 +30,13 @@[m [mYou can follow wakatime installation instructions here[m
 https://github.com/wakatime/wakatime-mode.[m
 [m
 In short it's just:[m
[32m+[m
 #+BEGIN_SRC sh[m
 pip install wakatime[m
 #+END_SRC[m
 [m
 And for some linux users[m
[32m+[m
 #+BEGIN_SRC sh[m
 sudo pip install wakatime[m
 #+END_SRC[m
[36m@@ -45,6 +47,7 @@[m [madd =wakatime= to the existing =dotspacemacs-configuration-layers= list in this[m
 file.[m
 [m
 Example:[m
[32m+[m
 #+BEGIN_SRC emacs-lisp[m
   (setq-default dotspacemacs-configuration-layers[m
                 '([m</Chunk>
  </Example>
  <Example>
    <Log>Lisp/syl20bnr@spacemacs/failed/407363615.log</Log>
    <Keywords>error, failed, </Keywords>
    <Category>1</Category>
    <Chunk>error in process sentinel: (error Malformed response:{"type":"error","text":"current-buffer: README.orgphoenix&gt;2&gt;
current-file: /tmp/docs/layers/+frameworks/phoenix/README.org
error: File \"/tmp/docs/layers/+frameworks/phoenix/README.org\" doesn't have \"Features:\"(With a colon) list in the top level \"Description\" headline
See \"https://github.com/syl20bnr/spacemacs/blob/develop/core/templates/README.org.template\"
"})
Exporting failed.</Chunk>
  </Example>
  <Example>
    <Log>Lisp/syl20bnr@spacemacs/failed/407365973.log</Log>
    <Keywords>ERROR, error, </Keywords>
    <Category>2</Category>
    <Chunk>current-buffer: README.orgphoenix&gt;2&gt;
current-file: /tmp/docs/layers/+frameworks/phoenix/README.org
error: File "/tmp/docs/layers/+frameworks/phoenix/README.org" doesn't have "Features:"(With a colon) list in the top level "Description" headline
See "https://github.com/syl20bnr/spacemacs/blob/develop/core/templates/README.org.template"</Chunk>
  </Example>
  <Example>
    <Log>Lisp/syl20bnr@spacemacs/failed/408716954.log</Log>
    <Keywords>======================================================================, , </Keywords>
    <Category>0</Category>
    <Chunk>[1mdiff --git a/layers/+misc/copy-as-format/README.org b/layers/+misc/copy-as-format/README.org[m
[1mindex 44487bb..15cb914 100644[m
[1m--- a/layers/+misc/copy-as-format/README.org[m
[1m+++ b/layers/+misc/copy-as-format/README.org[m
[36m@@ -1,5 +1,13 @@[m
 #+TITLE: copy-as-format layer[m
 [m
[32m+[m[32m* Table of Contents                      :TOC_4_gh:noexport:[m
[32m+[m[32m- [[#table-of-contents][Table of Contents]][m
[32m+[m[32m- [[#description][Description]][m
[32m+[m[32m  - [[#features][Features:]][m
[32m+[m[32m- [[#install][Install]][m
[32m+[m[32m- [[#configuration][Configuration]][m
[32m+[m[32m- [[#key-bindings][Key bindings]][m
[32m+[m
 * Table of Contents[m
 - [[#description][Description]][m
   - [[#features][Features:]][m
[36m@@ -20,16 +28,19 @@[m [mfile.[m
 [m
 * Configuration[m
 You can choose default formatter.[m
[32m+[m
 #+BEGIN_SRC elisp[m
 (setq copy-as-format-default "markdown")[m
 #+END_SRC[m
 [m
 Also, you can enable copying of buffer's file name for asciidoc formatter.[m
[32m+[m
 #+BEGIN_SRC elisp[m
 (setq copy-as-format-asciidoc-include-file-name t)[m
 #+END_SRC[m
 [m
 And you can add alist of file name patterns to language names used for asciidoc syntax highlighting.[m
[32m+[m
 #+BEGIN_SRC elisp[m
 (setq copy-as-format-asciidoc-language-alist '(("^.*\\.java$" "java")[m
                                                ("^.*\\.clj[cs]?$" "clojure")))[m
[36m@@ -54,4 +65,3 @@[m [mAnd you can add alist of file name patterns to language names used for asciidoc[m
 | ~SPC x f p~ | copy-as-format-pod       |[m
 | ~SPC x f r~ | copy-as-format-rst       |[m
 | ~SPC x f s~ | copy-as-format-slack     |[m
[31m-[m</Chunk>
  </Example>
  <Example>
    <Log>Lisp/syl20bnr@spacemacs/failed/414825827.log</Log>
    <Keywords>======================================================================, , </Keywords>
    <Category>0</Category>
    <Chunk>[1mdiff --git a/layers/+lang/ruby/README.org b/layers/+lang/ruby/README.org[m
[1mindex 1c84b51..a6d991c 100644[m
[1m--- a/layers/+lang/ruby/README.org[m
[1m+++ b/layers/+lang/ruby/README.org[m
[36m@@ -214,10 +214,10 @@[m [mWhen =ruby-test-runner= equals =minitest=.[m
 [m
 ** Seeing is believing[m
 [m
[31m-| Key Binding     | Description                      |[m
[31m-|-----------------+----------------------------------|[m
[31m-| ~SPC&gt; m @ @~   | Run seeing is believing          |[m
[31m-| ~SPC&gt; m @ c~   | Clear seeing is believing output |[m
[32m+[m[32m| Key Binding   | Description                      |[m
[32m+[m[32m|---------------+----------------------------------|[m
[32m+[m[32m| ~SPC&gt; m @ @~ | Run seeing is believing          |[m
[32m+[m[32m| ~SPC&gt; m @ c~ | Clear seeing is believing output |[m
 [m
 * Layer options[m
 [m</Chunk>
  </Example>
  <Example>
    <Log>Lisp/syl20bnr@spacemacs/failed/423196443.log</Log>
    <Keywords>======================================================================, , </Keywords>
    <Category>0</Category>
    <Chunk>[1mdiff --git a/layers/+lang/elm/README.org b/layers/+lang/elm/README.org[m
[1mindex 1d2fdfb..d6eb235 100644[m
[1m--- a/layers/+lang/elm/README.org[m
[1m+++ b/layers/+lang/elm/README.org[m
[36m@@ -171,7 +171,6 @@[m [mthe automatic indentation level was not the one you expected simply hit TAB to[m
 cycle through the list (note that hitting any other key will cancel the cycle).[m
 [m
 ** Test runner settings[m
[31m-[m
 You may want to customize the default suffix for test files. For example, if you[m
 prefer to put your tests in =HelloSpec.elm= instead of =HelloTest.elm=, set the[m
 following variable:[m</Chunk>
  </Example>
  <Example>
    <Log>Lisp/syl20bnr@spacemacs/failed/423196972.log</Log>
    <Keywords>======================================================================, , </Keywords>
    <Category>0</Category>
    <Chunk>[1mdiff --git a/layers/+lang/elm/README.org b/layers/+lang/elm/README.org[m
[1mindex 1d2fdfb..d6eb235 100644[m
[1m--- a/layers/+lang/elm/README.org[m
[1m+++ b/layers/+lang/elm/README.org[m
[36m@@ -171,7 +171,6 @@[m [mthe automatic indentation level was not the one you expected simply hit TAB to[m
 cycle through the list (note that hitting any other key will cancel the cycle).[m
 [m
 ** Test runner settings[m
[31m-[m
 You may want to customize the default suffix for test files. For example, if you[m
 prefer to put your tests in =HelloSpec.elm= instead of =HelloTest.elm=, set the[m
 following variable:[m</Chunk>
  </Example>
  <Example>
    <Log>Lisp/syl20bnr@spacemacs/failed/425035597.log</Log>
    <Keywords>======================================================================, , </Keywords>
    <Category>0</Category>
    <Chunk>[1mdiff --git a/layers/+music/spotify/README.org b/layers/+music/spotify/README.org[m
[1mindex 4a61582..c017a58 100644[m
[1m--- a/layers/+music/spotify/README.org[m
[1m+++ b/layers/+music/spotify/README.org[m
[36m@@ -35,6 +35,7 @@[m [mIf [[https://github.com/emacs-helm/helm][Helm]] layer is enabled, you can also u[m
 | ~SPC a m s g~ | Search for a new track |[m
 [m
 If [[https://github.com/abo-abo/swiper][Ivy]] layer is enabled, you can also use the following binding(s):[m
[32m+[m
 | Key Binding       | Description                    |[m
 | ~SPC a m s s a~   | Spotify search artist          |[m
 | ~SPC a m s s A~   | Spotify search album           |[m</Chunk>
  </Example>
  <Example>
    <Log>Lisp/syl20bnr@spacemacs/failed/425152084.log</Log>
    <Keywords>======================================================================, , </Keywords>
    <Category>0</Category>
    <Chunk>[1mdiff --git a/layers/+music/spotify/README.org b/layers/+music/spotify/README.org[m
[1mindex 4a61582..c017a58 100644[m
[1m--- a/layers/+music/spotify/README.org[m
[1m+++ b/layers/+music/spotify/README.org[m
[36m@@ -35,6 +35,7 @@[m [mIf [[https://github.com/emacs-helm/helm][Helm]] layer is enabled, you can also u[m
 | ~SPC a m s g~ | Search for a new track |[m
 [m
 If [[https://github.com/abo-abo/swiper][Ivy]] layer is enabled, you can also use the following binding(s):[m
[32m+[m
 | Key Binding       | Description                    |[m
 | ~SPC a m s s a~   | Spotify search artist          |[m
 | ~SPC a m s s A~   | Spotify search album           |[m</Chunk>
  </Example>
</Examples>
