<?xml version="1.0" encoding="UTF-8"?>
<Examples>
  <Example>
    <Log>Haskell/jgm@pandoc/failed/479981799.log</Log>
    <Keywords>error, Warning, </Keywords>
    <Category>0</Category>
    <Chunk>src/Text/Pandoc/Ipynb.hs:94:10: Warning:
    No explicit implementation for
      ‘mappend’
    In the instance declaration for ‘Monoid (Notebook a)’</Chunk>
  </Example>
  <Example>
    <Log>Haskell/jgm@pandoc/failed/479984913.log</Log>
    <Keywords>error, Warning, </Keywords>
    <Category>0</Category>
    <Chunk>src/Text/Pandoc/Ipynb.hs:94:10: Warning:
    No explicit implementation for
      ‘mappend’
    In the instance declaration for ‘Monoid (Notebook a)’</Chunk>
  </Example>
  <Example>
    <Log>Haskell/jgm@pandoc/failed/480080048.log</Log>
    <Keywords>error, Warning, </Keywords>
    <Category>0</Category>
    <Chunk>src/Text/Pandoc/Ipynb.hs:98:10: Warning:
    No explicit implementation for
      ‘mappend’
    In the instance declaration for ‘Monoid (Notebook a)’</Chunk>
  </Example>
  <Example>
    <Log>Haskell/jgm@pandoc/failed/480326509.log</Log>
    <Keywords>FAIL, , </Keywords>
    <Category>1</Category>
    <Chunk>--- tables.custom
        +++ /home/travis/build/jgm/pandoc/sourcedist/dist/build/pandoc/pandoc --quiet tables.native -f native -t ../data/sample.lua
        +  29 &lt;/table&gt;
        -  29 &lt;/table
        +  58 &lt;/table&gt;
        -  58 &lt;/table
        +  88 &lt;/table&gt;
        -  88 &lt;/table
        + 122 &lt;/table&gt;
        - 122 &lt;/table
        + 154 &lt;/table&gt;
        - 154 &lt;/table
        + 177 &lt;/table&gt;
        - 177 &lt;/table
        + 200 &lt;/table&gt;
        - 200 &lt;/table</Chunk>
  </Example>
  <Example>
    <Log>Haskell/jgm@pandoc/failed/480334631.log</Log>
    <Keywords>FAIL, , </Keywords>
    <Category>1</Category>
    <Chunk>--- tables.custom
        +++ /home/travis/build/jgm/pandoc/sourcedist/dist/build/pandoc/pandoc --quiet tables.native -f native -t ../data/sample.lua
        +  29 &lt;/table&gt;
        -  29 &lt;/table
        +  58 &lt;/table&gt;
        -  58 &lt;/table
        +  88 &lt;/table&gt;
        -  88 &lt;/table
        + 122 &lt;/table&gt;
        - 122 &lt;/table
        + 154 &lt;/table&gt;
        - 154 &lt;/table
        + 177 &lt;/table&gt;
        - 177 &lt;/table
        + 200 &lt;/table&gt;
        - 200 &lt;/table</Chunk>
  </Example>
  <Example>
    <Log>Haskell/jgm@pandoc/failed/480353000.log</Log>
    <Keywords>FAIL, , </Keywords>
    <Category>1</Category>
    <Chunk>--- tables.custom
        +++ /home/travis/build/jgm/pandoc/sourcedist/dist/build/pandoc/pandoc --quiet tables.native -f native -t ../data/sample.lua
        +  29 &lt;/table&gt;
        -  29 &lt;/table
        +  58 &lt;/table&gt;
        -  58 &lt;/table
        +  88 &lt;/table&gt;
        -  88 &lt;/table
        + 122 &lt;/table&gt;
        - 122 &lt;/table
        + 154 &lt;/table&gt;
        - 154 &lt;/table
        + 177 &lt;/table&gt;
        - 177 &lt;/table
        + 200 &lt;/table&gt;
        - 200 &lt;/table</Chunk>
  </Example>
  <Example>
    <Log>Haskell/jgm@pandoc/failed/481351360.log</Log>
    <Keywords>FAIL, , </Keywords>
    <Category>1</Category>
    <Chunk>Non-matching xml in docProps/core.xml:
          -   7   &lt;dc:subject&gt;This is a subtitle or the subject in word&lt;/dc:subject&gt;
          +   8   &lt;dcterms:created xsi:type="dcterms:W3CDTF"&gt;2019-01-18T13:19:08Z&lt;/dcterms:created&gt;
          +   9   &lt;dcterms:modified xsi:type="dcterms:W3CDTF"&gt;2019-01-18T13:19:08Z&lt;/dcterms:modified&gt;
          -   9   &lt;dcterms:created xsi:type="dcterms:W3CDTF"&gt;2019-01-15T23:56:43Z&lt;/dcterms:created&gt;
          -  10   &lt;dcterms:modified xsi:type="dcterms:W3CDTF"&gt;2019-01-15T23:56:43Z&lt;/dcterms:modified&gt;</Chunk>
  </Example>
  <Example>
    <Log>Haskell/jgm@pandoc/failed/483247329.log</Log>
    <Keywords>error, Warning, </Keywords>
    <Category>0</Category>
    <Chunk>src/Text/Pandoc/Writers/Ipynb.hs:38:1: Warning:
    The import of ‘Control.Monad’ is redundant
      except perhaps to import instances from ‘Control.Monad’
    To import instances alone, use: import Control.Monad()</Chunk>
  </Example>
  <Example>
    <Log>Haskell/jgm@pandoc/failed/483377953.log</Log>
    <Keywords>error, Warning, </Keywords>
    <Category>0</Category>
    <Chunk>src/Text/Pandoc/Writers/Ipynb.hs:38:1: Warning:
    The import of ‘Control.Monad’ is redundant
      except perhaps to import instances from ‘Control.Monad’
    To import instances alone, use: import Control.Monad()</Chunk>
  </Example>
  <Example>
    <Log>Haskell/jgm@pandoc/failed/483389926.log</Log>
    <Keywords>error, Warning, </Keywords>
    <Category>0</Category>
    <Chunk>src/Text/Pandoc/Writers/Ipynb.hs:38:1: Warning:
    The import of ‘Control.Monad’ is redundant
      except perhaps to import instances from ‘Control.Monad’
    To import instances alone, use: import Control.Monad()</Chunk>
  </Example>
</Examples>
