<?xml version="1.0" encoding="UTF-8"?>
<Examples>
  <Example>
    <Log>PHP/symfony@symfony/failed/566997029.log</Log>
    <Keywords>Problem, , </Keywords>
    <Category>0</Category>
    <Chunk>- The requested package symfony/phpunit-bridge 4.4@dev exists as symfony/phpunit-bridge[2.7.x-dev, 2.8.x-dev, 3.0.x-dev, 3.1.x-dev, 3.2.x-dev, 3.3.x-dev, 3.4.x-dev, 4.0.x-dev, 4.1.x-dev, 4.2.x-dev, 4.3.x-dev, 4.4.x-dev, dev-master, 5.0.x-dev, v2.7.0, v2.7.0-BETA1, v2.7.0-BETA2, v2.7.1, v2.7.10, v2.7.11, v2.7.12, v2.7.13, v2.7.14, v2.7.15, v2.7.16, v2.7.17, v2.7.18, v2.7.19, v2.7.2, v2.7.20, v2.7.21, v2.7.22, v2.7.23, v2.7.24, v2.7.25, v2.7.26, v2.7.27, v2.7.28, v2.7.29, v2.7.3, v2.7.30, v2.7.31, v2.7.32, v2.7.33, v2.7.34, v2.7.35, v2.7.36, v2.7.37, v2.7.38, v2.7.39, v2.7.4, v2.7.40, v2.7.41, v2.7.42, v2.7.43, v2.7.44, v2.7.45, v2.7.46, v2.7.47, v2.7.48, v2.7.49, v2.7.5, v2.7.50, v2.7.51, v2.7.6, v2.7.7, v2.7.8, v2.7.9, v2.8.0, v2.8.0-BETA1, v2.8.1, v2.8.10, v2.8.11, v2.8.12, v2.8.13, v2.8.14, v2.8.15, v2.8.16, v2.8.17, v2.8.18, v2.8.19, v2.8.2, v2.8.20, v2.8.21, v2.8.22, v2.8.23, v2.8.24, v2.8.25, v2.8.26, v2.8.27, v2.8.28, v2.8.29, v2.8.3, v2.8.30, v2.8.31, v2.8.32, v2.8.33, v2.8.34, v2.8.35, v2.8.36, v2.8.37, v2.8.38, v2.8.39, v2.8.4, v2.8.40, v2.8.41, v2.8.42, v2.8.43, v2.8.44, v2.8.45, v2.8.46, v2.8.47, v2.8.48, v2.8.49, v2.8.5, v2.8.50, v2.8.6, v2.8.7, v2.8.8, v2.8.9, v3.0.0, v3.0.0-BETA1, v3.0.1, v3.0.2, v3.0.3, v3.0.4, v3.0.5, v3.0.6, v3.0.7, v3.0.8, v3.0.9, v3.1.0, v3.1.0-BETA1, v3.1.0-RC1, v3.1.1, v3.1.10, v3.1.2, v3.1.3, v3.1.4, v3.1.5, v3.1.6, v3.1.7, v3.1.8, v3.1.9, v3.2.0, v3.2.0-BETA1, v3.2.0-RC1, v3.2.0-RC2, v3.2.1, v3.2.10, v3.2.11, v3.2.12, v3.2.13, v3.2.14, v3.2.2, v3.2.3, v3.2.4, v3.2.5, v3.2.6, v3.2.7, v3.2.8, v3.2.9, v3.3.0, v3.3.0-BETA1, v3.3.0-RC1, v3.3.1, v3.3.10, v3.3.11, v3.3.12, v3.3.13, v3.3.14, v3.3.15, v3.3.16, v3.3.17, v3.3.18, v3.3.2, v3.3.3, v3.3.4, v3.3.5, v3.3.6, v3.3.7, v3.3.8, v3.3.9, v3.4.0, v3.4.0-BETA1, v3.4.0-BETA2, v3.4.0-BETA3, v3.4.0-BETA4, v3.4.0-RC1, v3.4.0-RC2, v3.4.1, v3.4.10, v3.4.11, v3.4.12, v3.4.13, v3.4.14, v3.4.15, v3.4.16, v3.4.17, v3.4.18, v3.4.19, v3.4.2, v3.4.20, v3.4.21, v3.4.22, v3.4.23, v3.4.24, v3.4.25, v3.4.26, v3.4.27, v3.4.28, v3.4.29, v3.4.3, v3.4.30, v3.4.4, v3.4.5, v3.4.6, v3.4.7, v3.4.8, v3.4.9, v4.0.0, v4.0.0-BETA1, v4.0.0-BETA2, v4.0.0-BETA3, v4.0.0-BETA4, v4.0.0-RC1, v4.0.0-RC2, v4.0.1, v4.0.10, v4.0.11, v4.0.12, v4.0.13, v4.0.14, v4.0.15, v4.0.2, v4.0.3, v4.0.4, v4.0.5, v4.0.6, v4.0.7, v4.0.8, v4.0.9, v4.1.0, v4.1.0-BETA1, v4.1.0-BETA2, v4.1.0-BETA3, v4.1.1, v4.1.10, v4.1.11, v4.1.12, v4.1.2, v4.1.3, v4.1.4, v4.1.5, v4.1.6, v4.1.7, v4.1.8, v4.1.9, v4.2.0, v4.2.0-BETA1, v4.2.0-BETA2, v4.2.0-RC1, v4.2.1, v4.2.10, v4.2.11, v4.2.2, v4.2.3, v4.2.4, v4.2.5, v4.2.6, v4.2.7, v4.2.8, v4.2.9, v4.3.0, v4.3.0-BETA1, v4.3.0-BETA2, v4.3.0-RC1, v4.3.1, v4.3.2, v4.3.3] but these are rejected by your constraint.</Chunk>
  </Example>
  <Example>
    <Log>PHP/symfony@symfony/failed/567025178.log</Log>
    <Keywords>risky tests, Skipped, </Keywords>
    <Category>1</Category>
    <Chunk>OK, but incomplete, skipped, or risky tests![0m
[30;43mTests: 189[0m[30;43m, Assertions: 291[0m[30;43m, Skipped: 3[0m[30;43m.</Chunk>
  </Example>
  <Example>
    <Log>PHP/symfony@symfony/failed/567032141.log</Log>
    <Keywords>failure, 1), FAILURE</Keywords>
    <Category>2</Category>
    <Chunk>1) Symfony\Bridge\PhpUnit\Tests\ClockMockTest::testTime
Failed asserting that 1564764243 is identical to 1234567890.

2) Symfony\Bridge\PhpUnit\Tests\ClockMockTest::testSleep
Failed asserting that 1564764245 is identical to 1234567892.

3) Symfony\Bridge\PhpUnit\Tests\ClockMockTest::testMicrotime
Failed asserting that two strings are identical.
--- Expected
+++ Actual
@@ @@
-'0.12500000 1234567890'
+'0.25615200 1564764245'

4) Symfony\Bridge\PhpUnit\Tests\ClockMockTest::testMicrotimeAsFloat
Failed asserting that 1564764245.25681 is identical to 1234567890.125.

5) Symfony\Bridge\PhpUnit\Tests\ClockMockTest::testUsleep
Failed asserting that 1564764245.257137 is identical to 1234567890.125002.

6) Symfony\Bridge\PhpUnit\Tests\ClockMockTest::testDate
Failed asserting that two strings are identical.
--- Expected
+++ Actual
@@ @@
-'1234567890'
+'1564764245'

7) Symfony\Bridge\PhpUnit\Tests\ClockMockTest::testGmDate
Failed asserting that two strings are identical.
--- Expected
+++ Actual
@@ @@
-'1555075769'
+'1564764245'</Chunk>
  </Example>
  <Example>
    <Log>PHP/symfony@symfony/failed/567049674.log</Log>
    <Keywords>risky tests, Skipped, </Keywords>
    <Category>1</Category>
    <Chunk>OK, but incomplete, skipped, or risky tests![0m
[30;43mTests: 189[0m[30;43m, Assertions: 291[0m[30;43m, Skipped: 3[0m[30;43m.</Chunk>
  </Example>
  <Example>
    <Log>PHP/symfony@symfony/failed/567128138.log</Log>
    <Keywords>risky tests, Skipped, </Keywords>
    <Category>1</Category>
    <Chunk>OK, but incomplete, skipped, or risky tests![0m
[30;43mTests: 189[0m[30;43m, Assertions: 291[0m[30;43m, Skipped: 3[0m[30;43m.</Chunk>
  </Example>
  <Example>
    <Log>PHP/symfony@symfony/failed/567139043.log</Log>
    <Keywords>risky tests, Skipped, </Keywords>
    <Category>1</Category>
    <Chunk>OK, but incomplete, skipped, or risky tests![0m
[30;43mTests: 216[0m[30;43m, Assertions: 629[0m[30;43m, Skipped: 5[0m[30;43m.</Chunk>
  </Example>
  <Example>
    <Log>PHP/symfony@symfony/failed/567140275.log</Log>
    <Keywords>risky tests, Skipped, </Keywords>
    <Category>1</Category>
    <Chunk>OK, but incomplete, skipped, or risky tests![0m
[30;43mTests: 189[0m[30;43m, Assertions: 291[0m[30;43m, Skipped: 3[0m[30;43m.</Chunk>
  </Example>
  <Example>
    <Log>PHP/symfony@symfony/failed/567235789.log</Log>
    <Keywords>failure, 1), FAILURE</Keywords>
    <Category>2</Category>
    <Chunk>1) Symfony\Component\VarDumper\Tests\CasterExceptionCasterTest::testDefaultSettings
Failed asserting that format description matches text.
--- Expected
+++ Actual
@@ @@
 Exception {
   #message: "foo"
   #code: 0
   #file: "./src/Symfony/Component/VarDumper/Tests/Caster/ExceptionCasterTest.php"
-  #line: 30
+  #line: 28
   trace: {
-    %s%eTests%eCaster%eExceptionCasterTest.php:30 {
+    ./src/Symfony/Component/VarDumper/Tests/Caster/ExceptionCasterTest.php:28 {
       › {
       ›     return new Exception(''.$msg);
       › }
     }
-    %s%eTests%eCaster%eExceptionCasterTest.php:42 { …}
+    ./src/Symfony/Component/VarDumper/Tests/Caster/ExceptionCasterTest.php:40 { …}
     Symfony\Component\VarDumper\Tests\CasterExceptionCasterTest-&gt;testDefaultSettings() {}
     ./.phpunit/phpunit-4.8/src/Framework/TestCase.php:909 { …}
+    ./.phpunit/phpunit-4.8/src/Framework/TestCase.php:768 { …}
+    ./.phpunit/phpunit-4.8/src/Framework/TestResult.php:612 { …}
+    ./.phpunit/phpunit-4.8/src/Framework/TestCase.php:724 { …}
+    ./.phpunit/phpunit-4.8/src/Framework/TestSuite.php:722 { …}
+    ./.phpunit/phpunit-4.8/src/Framework/TestSuite.php:722 { …}
+    ./.phpunit/phpunit-4.8/src/TextUI/TestRunner.php:440 { …}
+    ./.phpunit/phpunit-4.8/src/TextUI/Command.php:149 { …}
+    ./.phpunit/phpunit-4.8/src/TextUI/Command.php:100 { …}
+    ./.phpunit/phpunit-4.8/phpunit:17 { …}
+    ./vendor/symfony/phpunit-bridge/bin/simple-phpunit.php:308 { …}
+    ./vendor/symfony/phpunit-bridge/bin/simple-phpunit:13 { …}
+    ./phpunit:18 { …}
+  }
+}

/home/travis/build/symfony/symfony/src/Symfony/Component/VarDumper/Test/VarDumperTestTrait.php:41
/home/travis/build/symfony/symfony/src/Symfony/Component/VarDumper/Tests/Caster/ExceptionCasterTest.php:59

2) Symfony\Component\VarDumper\Tests\CasterExceptionCasterTest::testSeek
Failed asserting that format description matches text.
--- Expected
+++ Actual
@@ @@
 {
-  %s%eTests%eCaster%eExceptionCasterTest.php:30 {
+  ./src/Symfony/Component/VarDumper/Tests/Caster/ExceptionCasterTest.php:28 {
     › {
     ›     return new Exception(''.$msg);
     › }
   }
-  %s%eTests%eCaster%eExceptionCasterTest.php:67 { …}
+  ./src/Symfony/Component/VarDumper/Tests/Caster/ExceptionCasterTest.php:65 { …}
   Symfony\Component\VarDumper\Tests\CasterExceptionCasterTest-&gt;testSeek() {}
   ./.phpunit/phpunit-4.8/src/Framework/TestCase.php:909 { …}
+  ./.phpunit/phpunit-4.8/src/Framework/TestCase.php:768 { …}
+  ./.phpunit/phpunit-4.8/src/Framework/TestResult.php:612 { …}
+  ./.phpunit/phpunit-4.8/src/Framework/TestCase.php:724 { …}
+  ./.phpunit/phpunit-4.8/src/Framework/TestSuite.php:722 { …}
+  ./.phpunit/phpunit-4.8/src/Framework/TestSuite.php:722 { …}
+  ./.phpunit/phpunit-4.8/src/TextUI/TestRunner.php:440 { …}
+  ./.phpunit/phpunit-4.8/src/TextUI/Command.php:149 { …}
+  ./.phpunit/phpunit-4.8/src/TextUI/Command.php:100 { …}
+  ./.phpunit/phpunit-4.8/phpunit:17 { …}
+  ./vendor/symfony/phpunit-bridge/bin/simple-phpunit.php:308 { …}
+  ./vendor/symfony/phpunit-bridge/bin/simple-phpunit:13 { …}
+  ./phpunit:18 { …}
+}

/home/travis/build/symfony/symfony/src/Symfony/Component/VarDumper/Tests/Caster/ExceptionCasterTest.php:79

3) Symfony\Component\VarDumper\Tests\CasterExceptionCasterTest::testNoArgs
Failed asserting that format description matches text.
--- Expected
+++ Actual
@@ @@
 Exception {
   #message: "1"
   #code: 0
   #file: "./src/Symfony/Component/VarDumper/Tests/Caster/ExceptionCasterTest.php"
-  #line: 30
+  #line: 28
   trace: {
-    %sExceptionCasterTest.php:30 {
+    ./src/Symfony/Component/VarDumper/Tests/Caster/ExceptionCasterTest.php:28 {
       › {
       ›     return new Exception(''.$msg);
       › }
     }
-    %s%eTests%eCaster%eExceptionCasterTest.php:86 { …}
+    ./src/Symfony/Component/VarDumper/Tests/Caster/ExceptionCasterTest.php:84 { …}
     Symfony\Component\VarDumper\Tests\CasterExceptionCasterTest-&gt;testNoArgs() {}
     ./.phpunit/phpunit-4.8/src/Framework/TestCase.php:909 { …}
+    ./.phpunit/phpunit-4.8/src/Framework/TestCase.php:768 { …}
+    ./.phpunit/phpunit-4.8/src/Framework/TestResult.php:612 { …}
+    ./.phpunit/phpunit-4.8/src/Framework/TestCase.php:724 { …}
+    ./.phpunit/phpunit-4.8/src/Framework/TestSuite.php:722 { …}
+    ./.phpunit/phpunit-4.8/src/Framework/TestSuite.php:722 { …}
+    ./.phpunit/phpunit-4.8/src/TextUI/TestRunner.php:440 { …}
+    ./.phpunit/phpunit-4.8/src/TextUI/Command.php:149 { …}
+    ./.phpunit/phpunit-4.8/src/TextUI/Command.php:100 { …}
+    ./.phpunit/phpunit-4.8/phpunit:17 { …}
+    ./vendor/symfony/phpunit-bridge/bin/simple-phpunit.php:308 { …}
+    ./vendor/symfony/phpunit-bridge/bin/simple-phpunit:13 { …}
+    ./phpunit:18 { …}
+  }
+}

/home/travis/build/symfony/symfony/src/Symfony/Component/VarDumper/Test/VarDumperTestTrait.php:41
/home/travis/build/symfony/symfony/src/Symfony/Component/VarDumper/Tests/Caster/ExceptionCasterTest.php:104

4) Symfony\Component\VarDumper\Tests\CasterExceptionCasterTest::testNoSrcContext
Failed asserting that format description matches text.
--- Expected
+++ Actual
@@ @@
 Exception {
   #message: "1"
   #code: 0
   #file: "./src/Symfony/Component/VarDumper/Tests/Caster/ExceptionCasterTest.php"
-  #line: 30
+  #line: 28
   trace: {
-    %s%eTests%eCaster%eExceptionCasterTest.php:30
+    ./src/Symfony/Component/VarDumper/Tests/Caster/ExceptionCasterTest.php:28
     ./src/Symfony/Component/VarDumper/Tests/Caster/ExceptionCasterTest.php:109
     Symfony\Component\VarDumper\Tests\CasterExceptionCasterTest-&gt;testNoSrcContext() {}
+    ./.phpunit/phpunit-4.8/src/Framework/TestCase.php:909
+    ./.phpunit/phpunit-4.8/src/Framework/TestCase.php:768
+    ./.phpunit/phpunit-4.8/src/Framework/TestResult.php:612
+    ./.phpunit/phpunit-4.8/src/Framework/TestCase.php:724
+    ./.phpunit/phpunit-4.8/src/Framework/TestSuite.php:722
+    ./.phpunit/phpunit-4.8/src/Framework/TestSuite.php:722
+    ./.phpunit/phpunit-4.8/src/TextUI/TestRunner.php:440
+    ./.phpunit/phpunit-4.8/src/TextUI/Command.php:149
+    ./.phpunit/phpunit-4.8/src/TextUI/Command.php:100
+    ./.phpunit/phpunit-4.8/phpunit:17
+    ./vendor/symfony/phpunit-bridge/bin/simple-phpunit.php:308
+    ./vendor/symfony/phpunit-bridge/bin/simple-phpunit:13
+    ./phpunit:18
+  }
+}

/home/travis/build/symfony/symfony/src/Symfony/Component/VarDumper/Test/VarDumperTestTrait.php:41
/home/travis/build/symfony/symfony/src/Symfony/Component/VarDumper/Tests/Caster/ExceptionCasterTest.php:124

5) Symfony\Component\VarDumper\Tests\CasterExceptionCasterTest::testHtmlDump
Failed asserting that format description matches text.
--- Expected
+++ Actual
@@ @@
 foo&gt;/foo&gt;bar&gt;span class=sf-dump-note&gt;Exception/span&gt; {samp&gt;
   #span class=sf-dump-protected title="Protected property"&gt;message/span&gt;: "span class=sf-dump-str&gt;1/span&gt;"
   #span class=sf-dump-protected title="Protected property"&gt;code/span&gt;: span class=sf-dump-num&gt;0/span&gt;
   #span class=sf-dump-protected title="Protected property"&gt;file/span&gt;: "span class=sf-dump-str title="/home/travis/build/symfony/symfony/src/Symfony/Component/VarDumper/Tests/Caster/ExceptionCasterTest.php
 103 characters"&gt;span class="sf-dump-ellipsis sf-dump-ellipsis-path"&gt;/home/travis/build/symfony/symfony/src/Symfony/Component/VarDumper/span&gt;span class=sf-dump-ellipsis&gt;//span&gt;Tests/Caster/ExceptionCasterTest.php/span&gt;"
-  #span class=sf-dump-protected title="Protected property"&gt;line/span&gt;: span class=sf-dump-num&gt;30/span&gt;
+  #span class=sf-dump-protected title="Protected property"&gt;line/span&gt;: span class=sf-dump-num&gt;28/span&gt;
   span class=sf-dump-meta&gt;trace/span&gt;: {samp&gt;
     span class=sf-dump-meta title="/home/travis/build/symfony/symfony/src/Symfony/Component/VarDumper/Tests/Caster/ExceptionCasterTest.php
-Stack level %d."&gt;span class="sf-dump-ellipsis sf-dump-ellipsis-path"&gt;%s%eVarDumper/span&gt;span class=sf-dump-ellipsis&gt;%e/span&gt;Tests%eCaster%eExceptionCasterTest.php/span&gt;:span class=sf-dump-num&gt;30/span&gt;
+Stack level 16."&gt;span class="sf-dump-ellipsis sf-dump-ellipsis-path"&gt;/home/travis/build/symfony/symfony/src/Symfony/Component/VarDumper/span&gt;span class=sf-dump-ellipsis&gt;//span&gt;Tests/Caster/ExceptionCasterTest.php/span&gt;:span class=sf-dump-num&gt;28/span&gt;
      hellip;15
   /samp&gt;}
 /samp&gt;}
 /bar&gt;
+

/home/travis/build/symfony/symfony/src/Symfony/Component/VarDumper/Tests/Caster/ExceptionCasterTest.php:159

6) Symfony\Component\VarDumper\Tests\CasterExceptionCasterTest::testFrameWithTwig
Failed asserting that format description matches text.
--- Expected
+++ Actual
@@ @@
 array:2 [
   0 =&gt; {
     class: "__TwigTemplate_VarDumperFixture_u75a09"
     src: {
       /home/travis/build/symfony/symfony/src/Symfony/Component/VarDumper/Tests/Fixtures/Twig.php:1 {
-        ›
+        › 
@@ @@
       -path: "/home/travis/build/symfony/symfony/src/Symfony/Component/VarDumper/Tests/Caster/ExceptionCasterTest.php"
+      #parent: false
+      #parents: []
+      #env: null
+      #blocks: []
+      #traits: []
+      #sandbox: null
     }
     src: {
-      %sExceptionCasterTest.php:2 {
+      /home/travis/build/symfony/symfony/src/Symfony/Component/VarDumper/Tests/Caster/ExceptionCasterTest.php:2 {
         › foo bar
         ›   twig source
-        ›
+        › 
       }
     }
   }
 ]

/home/travis/build/symfony/symfony/src/Symfony/Component/VarDumper/Test/VarDumperTestTrait.php:41
/home/travis/build/symfony/symfony/src/Symfony/Component/VarDumper/Tests/Caster/ExceptionCasterTest.php:212

7) Symfony\Component\VarDumper\Tests\CasterExceptionCasterTest::testExcludeVerbosity
Failed asserting that format description matches text.
--- Expected
+++ Actual
@@ @@
 Exception {
   #message: "foo"
   #code: 0
   #file: "./src/Symfony/Component/VarDumper/Tests/Caster/ExceptionCasterTest.php"
-  #line: 30
+  #line: 28
 }

/home/travis/build/symfony/symfony/src/Symfony/Component/VarDumper/Test/VarDumperTestTrait.php:41
/home/travis/build/symfony/symfony/src/Symfony/Component/VarDumper/Tests/Caster/ExceptionCasterTest.php:228

8) Symfony\Component\VarDumper\Tests\Caster\XmlReaderCasterTest::testNodes with data set #2 (2, 'XMLReader {\n  +localName: "#t...…9\n}')
Failed asserting that format description matches text.
--- Expected
+++ Actual
@@ @@
     \n
-
+        
     """
   +baseURI: "./src/Symfony/Component/VarDumper/Tests/Fixtures/xml_reader.xml"
    …9
 }

/home/travis/build/symfony/symfony/src/Symfony/Component/VarDumper/Test/VarDumperTestTrait.php:41
/home/travis/build/symfony/symfony/src/Symfony/Component/VarDumper/Tests/Caster/XmlReaderCasterTest.php:64

9) Symfony\Component\VarDumper\Tests\Caster\XmlReaderCasterTest::testNodes with data set #10 (16, 'XMLReader {\n  +localName: "#t...…9\n}')
Failed asserting that format description matches text.
--- Expected
+++ Actual
@@ @@
     \n
-
+            
     """
   +baseURI: "./src/Symfony/Component/VarDumper/Tests/Fixtures/xml_reader.xml"
    …9
 }

/home/travis/build/symfony/symfony/src/Symfony/Component/VarDumper/Test/VarDumperTestTrait.php:41
/home/travis/build/symfony/symfony/src/Symfony/Component/VarDumper/Tests/Caster/XmlReaderCasterTest.php:64

10) Symfony\Component\VarDumper\Tests\Caster\XmlReaderCasterTest::testNodes with data set #13 (19, 'XMLReader {\n  +localName: "#t...…9\n}')
Failed asserting that format description matches text.
--- Expected
+++ Actual
@@ @@
     \n
-
+        
     """
   +baseURI: "./src/Symfony/Component/VarDumper/Tests/Fixtures/xml_reader.xml"
    …9
 }

/home/travis/build/symfony/symfony/src/Symfony/Component/VarDumper/Test/VarDumperTestTrait.php:41
/home/travis/build/symfony/symfony/src/Symfony/Component/VarDumper/Tests/Caster/XmlReaderCasterTest.php:64</Chunk>
  </Example>
  <Example>
    <Log>PHP/symfony@symfony/failed/567055431.log</Log>
    <Keywords>failure, 1), FAILURE</Keywords>
    <Category>2</Category>
    <Chunk>1) Symfony\Component\VarDumper\Tests\CasterExceptionCasterTest::testDefaultSettings
Failed asserting that format description matches text.
--- Expected
+++ Actual
@@ @@
 Exception {
   #message: "foo"
   #code: 0
   #file: "./src/Symfony/Component/VarDumper/Tests/Caster/ExceptionCasterTest.php"
-  #line: 30
+  #line: 28
   trace: {
-    %s%eTests%eCaster%eExceptionCasterTest.php:30 {
+    ./src/Symfony/Component/VarDumper/Tests/Caster/ExceptionCasterTest.php:28 {
       › {
       ›     return new Exception(''.$msg);
       › }
     }
-    %s%eTests%eCaster%eExceptionCasterTest.php:42 { …}
+    ./src/Symfony/Component/VarDumper/Tests/Caster/ExceptionCasterTest.php:40 { …}
     Symfony\Component\VarDumper\Tests\CasterExceptionCasterTest-&gt;testDefaultSettings() {}
     ./.phpunit/phpunit-4.8/src/Framework/TestCase.php:909 { …}
+    ./.phpunit/phpunit-4.8/src/Framework/TestCase.php:768 { …}
+    ./.phpunit/phpunit-4.8/src/Framework/TestResult.php:612 { …}
+    ./.phpunit/phpunit-4.8/src/Framework/TestCase.php:724 { …}
+    ./.phpunit/phpunit-4.8/src/Framework/TestSuite.php:722 { …}
+    ./.phpunit/phpunit-4.8/src/Framework/TestSuite.php:722 { …}
+    ./.phpunit/phpunit-4.8/src/TextUI/TestRunner.php:440 { …}
+    ./.phpunit/phpunit-4.8/src/TextUI/Command.php:149 { …}
+    ./.phpunit/phpunit-4.8/src/TextUI/Command.php:100 { …}
+    ./.phpunit/phpunit-4.8/phpunit:17 { …}
+    ./vendor/symfony/phpunit-bridge/bin/simple-phpunit.php:307 { …}
+    ./vendor/symfony/phpunit-bridge/bin/simple-phpunit:13 { …}
+    ./phpunit:18 { …}
+  }
+}

/home/travis/build/symfony/symfony/src/Symfony/Component/VarDumper/Test/VarDumperTestTrait.php:41
/home/travis/build/symfony/symfony/src/Symfony/Component/VarDumper/Tests/Caster/ExceptionCasterTest.php:59

2) Symfony\Component\VarDumper\Tests\CasterExceptionCasterTest::testSeek
Failed asserting that format description matches text.
--- Expected
+++ Actual
@@ @@
 {
-  %s%eTests%eCaster%eExceptionCasterTest.php:30 {
+  ./src/Symfony/Component/VarDumper/Tests/Caster/ExceptionCasterTest.php:28 {
     › {
     ›     return new Exception(''.$msg);
     › }
   }
-  %s%eTests%eCaster%eExceptionCasterTest.php:67 { …}
+  ./src/Symfony/Component/VarDumper/Tests/Caster/ExceptionCasterTest.php:65 { …}
   Symfony\Component\VarDumper\Tests\CasterExceptionCasterTest-&gt;testSeek() {}
   ./.phpunit/phpunit-4.8/src/Framework/TestCase.php:909 { …}
+  ./.phpunit/phpunit-4.8/src/Framework/TestCase.php:768 { …}
+  ./.phpunit/phpunit-4.8/src/Framework/TestResult.php:612 { …}
+  ./.phpunit/phpunit-4.8/src/Framework/TestCase.php:724 { …}
+  ./.phpunit/phpunit-4.8/src/Framework/TestSuite.php:722 { …}
+  ./.phpunit/phpunit-4.8/src/Framework/TestSuite.php:722 { …}
+  ./.phpunit/phpunit-4.8/src/TextUI/TestRunner.php:440 { …}
+  ./.phpunit/phpunit-4.8/src/TextUI/Command.php:149 { …}
+  ./.phpunit/phpunit-4.8/src/TextUI/Command.php:100 { …}
+  ./.phpunit/phpunit-4.8/phpunit:17 { …}
+  ./vendor/symfony/phpunit-bridge/bin/simple-phpunit.php:307 { …}
+  ./vendor/symfony/phpunit-bridge/bin/simple-phpunit:13 { …}
+  ./phpunit:18 { …}
+}

/home/travis/build/symfony/symfony/src/Symfony/Component/VarDumper/Tests/Caster/ExceptionCasterTest.php:79

3) Symfony\Component\VarDumper\Tests\CasterExceptionCasterTest::testNoArgs
Failed asserting that format description matches text.
--- Expected
+++ Actual
@@ @@
 Exception {
   #message: "1"
   #code: 0
   #file: "./src/Symfony/Component/VarDumper/Tests/Caster/ExceptionCasterTest.php"
-  #line: 30
+  #line: 28
   trace: {
-    %sExceptionCasterTest.php:30 {
+    ./src/Symfony/Component/VarDumper/Tests/Caster/ExceptionCasterTest.php:28 {
       › {
       ›     return new Exception(''.$msg);
       › }
     }
-    %s%eTests%eCaster%eExceptionCasterTest.php:86 { …}
+    ./src/Symfony/Component/VarDumper/Tests/Caster/ExceptionCasterTest.php:84 { …}
     Symfony\Component\VarDumper\Tests\CasterExceptionCasterTest-&gt;testNoArgs() {}
     ./.phpunit/phpunit-4.8/src/Framework/TestCase.php:909 { …}
+    ./.phpunit/phpunit-4.8/src/Framework/TestCase.php:768 { …}
+    ./.phpunit/phpunit-4.8/src/Framework/TestResult.php:612 { …}
+    ./.phpunit/phpunit-4.8/src/Framework/TestCase.php:724 { …}
+    ./.phpunit/phpunit-4.8/src/Framework/TestSuite.php:722 { …}
+    ./.phpunit/phpunit-4.8/src/Framework/TestSuite.php:722 { …}
+    ./.phpunit/phpunit-4.8/src/TextUI/TestRunner.php:440 { …}
+    ./.phpunit/phpunit-4.8/src/TextUI/Command.php:149 { …}
+    ./.phpunit/phpunit-4.8/src/TextUI/Command.php:100 { …}
+    ./.phpunit/phpunit-4.8/phpunit:17 { …}
+    ./vendor/symfony/phpunit-bridge/bin/simple-phpunit.php:307 { …}
+    ./vendor/symfony/phpunit-bridge/bin/simple-phpunit:13 { …}
+    ./phpunit:18 { …}
+  }
+}

/home/travis/build/symfony/symfony/src/Symfony/Component/VarDumper/Test/VarDumperTestTrait.php:41
/home/travis/build/symfony/symfony/src/Symfony/Component/VarDumper/Tests/Caster/ExceptionCasterTest.php:104

4) Symfony\Component\VarDumper\Tests\CasterExceptionCasterTest::testNoSrcContext
Failed asserting that format description matches text.
--- Expected
+++ Actual
@@ @@
 Exception {
   #message: "1"
   #code: 0
   #file: "./src/Symfony/Component/VarDumper/Tests/Caster/ExceptionCasterTest.php"
-  #line: 30
+  #line: 28
   trace: {
-    %s%eTests%eCaster%eExceptionCasterTest.php:30
+    ./src/Symfony/Component/VarDumper/Tests/Caster/ExceptionCasterTest.php:28
     ./src/Symfony/Component/VarDumper/Tests/Caster/ExceptionCasterTest.php:109
     Symfony\Component\VarDumper\Tests\CasterExceptionCasterTest-&gt;testNoSrcContext() {}
+    ./.phpunit/phpunit-4.8/src/Framework/TestCase.php:909
+    ./.phpunit/phpunit-4.8/src/Framework/TestCase.php:768
+    ./.phpunit/phpunit-4.8/src/Framework/TestResult.php:612
+    ./.phpunit/phpunit-4.8/src/Framework/TestCase.php:724
+    ./.phpunit/phpunit-4.8/src/Framework/TestSuite.php:722
+    ./.phpunit/phpunit-4.8/src/Framework/TestSuite.php:722
+    ./.phpunit/phpunit-4.8/src/TextUI/TestRunner.php:440
+    ./.phpunit/phpunit-4.8/src/TextUI/Command.php:149
+    ./.phpunit/phpunit-4.8/src/TextUI/Command.php:100
+    ./.phpunit/phpunit-4.8/phpunit:17
+    ./vendor/symfony/phpunit-bridge/bin/simple-phpunit.php:307
+    ./vendor/symfony/phpunit-bridge/bin/simple-phpunit:13
+    ./phpunit:18
+  }
+}

/home/travis/build/symfony/symfony/src/Symfony/Component/VarDumper/Test/VarDumperTestTrait.php:41
/home/travis/build/symfony/symfony/src/Symfony/Component/VarDumper/Tests/Caster/ExceptionCasterTest.php:124

5) Symfony\Component\VarDumper\Tests\CasterExceptionCasterTest::testHtmlDump
Failed asserting that format description matches text.
--- Expected
+++ Actual
@@ @@
 foo&gt;/foo&gt;bar&gt;span class=sf-dump-note&gt;Exception/span&gt; {samp&gt;
   #span class=sf-dump-protected title="Protected property"&gt;message/span&gt;: "span class=sf-dump-str&gt;1/span&gt;"
   #span class=sf-dump-protected title="Protected property"&gt;code/span&gt;: span class=sf-dump-num&gt;0/span&gt;
   #span class=sf-dump-protected title="Protected property"&gt;file/span&gt;: "span class=sf-dump-str title="/home/travis/build/symfony/symfony/src/Symfony/Component/VarDumper/Tests/Caster/ExceptionCasterTest.php
 103 characters"&gt;span class="sf-dump-ellipsis sf-dump-ellipsis-path"&gt;/home/travis/build/symfony/symfony/src/Symfony/Component/VarDumper/span&gt;span class=sf-dump-ellipsis&gt;//span&gt;Tests/Caster/ExceptionCasterTest.php/span&gt;"
-  #span class=sf-dump-protected title="Protected property"&gt;line/span&gt;: span class=sf-dump-num&gt;30/span&gt;
+  #span class=sf-dump-protected title="Protected property"&gt;line/span&gt;: span class=sf-dump-num&gt;28/span&gt;
   span class=sf-dump-meta&gt;trace/span&gt;: {samp&gt;
     span class=sf-dump-meta title="/home/travis/build/symfony/symfony/src/Symfony/Component/VarDumper/Tests/Caster/ExceptionCasterTest.php
-Stack level %d."&gt;span class="sf-dump-ellipsis sf-dump-ellipsis-path"&gt;%s%eVarDumper/span&gt;span class=sf-dump-ellipsis&gt;%e/span&gt;Tests%eCaster%eExceptionCasterTest.php/span&gt;:span class=sf-dump-num&gt;30/span&gt;
+Stack level 16."&gt;span class="sf-dump-ellipsis sf-dump-ellipsis-path"&gt;/home/travis/build/symfony/symfony/src/Symfony/Component/VarDumper/span&gt;span class=sf-dump-ellipsis&gt;//span&gt;Tests/Caster/ExceptionCasterTest.php/span&gt;:span class=sf-dump-num&gt;28/span&gt;
      hellip;15
   /samp&gt;}
 /samp&gt;}
 /bar&gt;
+

/home/travis/build/symfony/symfony/src/Symfony/Component/VarDumper/Tests/Caster/ExceptionCasterTest.php:159

6) Symfony\Component\VarDumper\Tests\CasterExceptionCasterTest::testFrameWithTwig
Failed asserting that format description matches text.
--- Expected
+++ Actual
@@ @@
 array:2 [
   0 =&gt; {
     class: "__TwigTemplate_VarDumperFixture_u75a09"
     src: {
       /home/travis/build/symfony/symfony/src/Symfony/Component/VarDumper/Tests/Fixtures/Twig.php:1 {
-        ›
+        › 
@@ @@
       -path: "/home/travis/build/symfony/symfony/src/Symfony/Component/VarDumper/Tests/Caster/ExceptionCasterTest.php"
+      #parent: false
+      #parents: []
+      #env: null
+      #blocks: []
+      #traits: []
+      #sandbox: null
     }
     src: {
-      %sExceptionCasterTest.php:2 {
+      /home/travis/build/symfony/symfony/src/Symfony/Component/VarDumper/Tests/Caster/ExceptionCasterTest.php:2 {
         › foo bar
         ›   twig source
-        ›
+        › 
       }
     }
   }
 ]

/home/travis/build/symfony/symfony/src/Symfony/Component/VarDumper/Test/VarDumperTestTrait.php:41
/home/travis/build/symfony/symfony/src/Symfony/Component/VarDumper/Tests/Caster/ExceptionCasterTest.php:212

7) Symfony\Component\VarDumper\Tests\CasterExceptionCasterTest::testExcludeVerbosity
Failed asserting that format description matches text.
--- Expected
+++ Actual
@@ @@
 Exception {
   #message: "foo"
   #code: 0
   #file: "./src/Symfony/Component/VarDumper/Tests/Caster/ExceptionCasterTest.php"
-  #line: 30
+  #line: 28
 }

/home/travis/build/symfony/symfony/src/Symfony/Component/VarDumper/Test/VarDumperTestTrait.php:41
/home/travis/build/symfony/symfony/src/Symfony/Component/VarDumper/Tests/Caster/ExceptionCasterTest.php:228

8) Symfony\Component\VarDumper\Tests\Caster\XmlReaderCasterTest::testNodes with data set #2 (2, 'XMLReader {\n  +localName: "#t...…9\n}')
Failed asserting that format description matches text.
--- Expected
+++ Actual
@@ @@
     \n
-
+        
     """
   +baseURI: "./src/Symfony/Component/VarDumper/Tests/Fixtures/xml_reader.xml"
    …9
 }

/home/travis/build/symfony/symfony/src/Symfony/Component/VarDumper/Test/VarDumperTestTrait.php:41
/home/travis/build/symfony/symfony/src/Symfony/Component/VarDumper/Tests/Caster/XmlReaderCasterTest.php:64

9) Symfony\Component\VarDumper\Tests\Caster\XmlReaderCasterTest::testNodes with data set #10 (16, 'XMLReader {\n  +localName: "#t...…9\n}')
Failed asserting that format description matches text.
--- Expected
+++ Actual
@@ @@
     \n
-
+            
     """
   +baseURI: "./src/Symfony/Component/VarDumper/Tests/Fixtures/xml_reader.xml"
    …9
 }

/home/travis/build/symfony/symfony/src/Symfony/Component/VarDumper/Test/VarDumperTestTrait.php:41
/home/travis/build/symfony/symfony/src/Symfony/Component/VarDumper/Tests/Caster/XmlReaderCasterTest.php:64

10) Symfony\Component\VarDumper\Tests\Caster\XmlReaderCasterTest::testNodes with data set #13 (19, 'XMLReader {\n  +localName: "#t...…9\n}')
Failed asserting that format description matches text.
--- Expected
+++ Actual
@@ @@
     \n
-
+        
     """
   +baseURI: "./src/Symfony/Component/VarDumper/Tests/Fixtures/xml_reader.xml"
    …9
 }

/home/travis/build/symfony/symfony/src/Symfony/Component/VarDumper/Test/VarDumperTestTrait.php:41
/home/travis/build/symfony/symfony/src/Symfony/Component/VarDumper/Tests/Caster/XmlReaderCasterTest.php:64</Chunk>
  </Example>
  <Example>
    <Log>PHP/symfony@symfony/failed/567128940.log</Log>
    <Keywords>failure, 1), FAILURE</Keywords>
    <Category>2</Category>
    <Chunk>1) Symfony\Component\VarDumper\Tests\CasterExceptionCasterTest::testDefaultSettings
Failed asserting that format description matches text.
--- Expected
+++ Actual
@@ @@
 Exception {
   #message: "foo"
   #code: 0
   #file: "./src/Symfony/Component/VarDumper/Tests/Caster/ExceptionCasterTest.php"
-  #line: 30
+  #line: 28
   trace: {
-    %s%eTests%eCaster%eExceptionCasterTest.php:30 {
+    ./src/Symfony/Component/VarDumper/Tests/Caster/ExceptionCasterTest.php:28 {
       › {
       ›     return new Exception(''.$msg);
       › }
     }
-    %s%eTests%eCaster%eExceptionCasterTest.php:42 { …}
+    ./src/Symfony/Component/VarDumper/Tests/Caster/ExceptionCasterTest.php:40 { …}
     Symfony\Component\VarDumper\Tests\CasterExceptionCasterTest-&gt;testDefaultSettings() {}
     ./.phpunit/phpunit-4.8/src/Framework/TestCase.php:909 { …}
+    ./.phpunit/phpunit-4.8/src/Framework/TestCase.php:768 { …}
+    ./.phpunit/phpunit-4.8/src/Framework/TestResult.php:612 { …}
+    ./.phpunit/phpunit-4.8/src/Framework/TestCase.php:724 { …}
+    ./.phpunit/phpunit-4.8/src/Framework/TestSuite.php:722 { …}
+    ./.phpunit/phpunit-4.8/src/Framework/TestSuite.php:722 { …}
+    ./.phpunit/phpunit-4.8/src/TextUI/TestRunner.php:440 { …}
+    ./.phpunit/phpunit-4.8/src/TextUI/Command.php:149 { …}
+    ./.phpunit/phpunit-4.8/src/TextUI/Command.php:100 { …}
+    ./.phpunit/phpunit-4.8/phpunit:17 { …}
+    ./vendor/symfony/phpunit-bridge/bin/simple-phpunit.php:308 { …}
+    ./vendor/symfony/phpunit-bridge/bin/simple-phpunit:13 { …}
+    ./phpunit:18 { …}
+  }
+}

/home/travis/build/symfony/symfony/src/Symfony/Component/VarDumper/Test/VarDumperTestTrait.php:41
/home/travis/build/symfony/symfony/src/Symfony/Component/VarDumper/Tests/Caster/ExceptionCasterTest.php:59

2) Symfony\Component\VarDumper\Tests\CasterExceptionCasterTest::testSeek
Failed asserting that format description matches text.
--- Expected
+++ Actual
@@ @@
 {
-  %s%eTests%eCaster%eExceptionCasterTest.php:30 {
+  ./src/Symfony/Component/VarDumper/Tests/Caster/ExceptionCasterTest.php:28 {
     › {
     ›     return new Exception(''.$msg);
     › }
   }
-  %s%eTests%eCaster%eExceptionCasterTest.php:67 { …}
+  ./src/Symfony/Component/VarDumper/Tests/Caster/ExceptionCasterTest.php:65 { …}
   Symfony\Component\VarDumper\Tests\CasterExceptionCasterTest-&gt;testSeek() {}
   ./.phpunit/phpunit-4.8/src/Framework/TestCase.php:909 { …}
+  ./.phpunit/phpunit-4.8/src/Framework/TestCase.php:768 { …}
+  ./.phpunit/phpunit-4.8/src/Framework/TestResult.php:612 { …}
+  ./.phpunit/phpunit-4.8/src/Framework/TestCase.php:724 { …}
+  ./.phpunit/phpunit-4.8/src/Framework/TestSuite.php:722 { …}
+  ./.phpunit/phpunit-4.8/src/Framework/TestSuite.php:722 { …}
+  ./.phpunit/phpunit-4.8/src/TextUI/TestRunner.php:440 { …}
+  ./.phpunit/phpunit-4.8/src/TextUI/Command.php:149 { …}
+  ./.phpunit/phpunit-4.8/src/TextUI/Command.php:100 { …}
+  ./.phpunit/phpunit-4.8/phpunit:17 { …}
+  ./vendor/symfony/phpunit-bridge/bin/simple-phpunit.php:308 { …}
+  ./vendor/symfony/phpunit-bridge/bin/simple-phpunit:13 { …}
+  ./phpunit:18 { …}
+}

/home/travis/build/symfony/symfony/src/Symfony/Component/VarDumper/Tests/Caster/ExceptionCasterTest.php:79

3) Symfony\Component\VarDumper\Tests\CasterExceptionCasterTest::testNoArgs
Failed asserting that format description matches text.
--- Expected
+++ Actual
@@ @@
 Exception {
   #message: "1"
   #code: 0
   #file: "./src/Symfony/Component/VarDumper/Tests/Caster/ExceptionCasterTest.php"
-  #line: 30
+  #line: 28
   trace: {
-    %sExceptionCasterTest.php:30 {
+    ./src/Symfony/Component/VarDumper/Tests/Caster/ExceptionCasterTest.php:28 {
       › {
       ›     return new Exception(''.$msg);
       › }
     }
-    %s%eTests%eCaster%eExceptionCasterTest.php:86 { …}
+    ./src/Symfony/Component/VarDumper/Tests/Caster/ExceptionCasterTest.php:84 { …}
     Symfony\Component\VarDumper\Tests\CasterExceptionCasterTest-&gt;testNoArgs() {}
     ./.phpunit/phpunit-4.8/src/Framework/TestCase.php:909 { …}
+    ./.phpunit/phpunit-4.8/src/Framework/TestCase.php:768 { …}
+    ./.phpunit/phpunit-4.8/src/Framework/TestResult.php:612 { …}
+    ./.phpunit/phpunit-4.8/src/Framework/TestCase.php:724 { …}
+    ./.phpunit/phpunit-4.8/src/Framework/TestSuite.php:722 { …}
+    ./.phpunit/phpunit-4.8/src/Framework/TestSuite.php:722 { …}
+    ./.phpunit/phpunit-4.8/src/TextUI/TestRunner.php:440 { …}
+    ./.phpunit/phpunit-4.8/src/TextUI/Command.php:149 { …}
+    ./.phpunit/phpunit-4.8/src/TextUI/Command.php:100 { …}
+    ./.phpunit/phpunit-4.8/phpunit:17 { …}
+    ./vendor/symfony/phpunit-bridge/bin/simple-phpunit.php:308 { …}
+    ./vendor/symfony/phpunit-bridge/bin/simple-phpunit:13 { …}
+    ./phpunit:18 { …}
+  }
+}

/home/travis/build/symfony/symfony/src/Symfony/Component/VarDumper/Test/VarDumperTestTrait.php:41
/home/travis/build/symfony/symfony/src/Symfony/Component/VarDumper/Tests/Caster/ExceptionCasterTest.php:104

4) Symfony\Component\VarDumper\Tests\CasterExceptionCasterTest::testNoSrcContext
Failed asserting that format description matches text.
--- Expected
+++ Actual
@@ @@
 Exception {
   #message: "1"
   #code: 0
   #file: "./src/Symfony/Component/VarDumper/Tests/Caster/ExceptionCasterTest.php"
-  #line: 30
+  #line: 28
   trace: {
-    %s%eTests%eCaster%eExceptionCasterTest.php:30
+    ./src/Symfony/Component/VarDumper/Tests/Caster/ExceptionCasterTest.php:28
     ./src/Symfony/Component/VarDumper/Tests/Caster/ExceptionCasterTest.php:109
     Symfony\Component\VarDumper\Tests\CasterExceptionCasterTest-&gt;testNoSrcContext() {}
+    ./.phpunit/phpunit-4.8/src/Framework/TestCase.php:909
+    ./.phpunit/phpunit-4.8/src/Framework/TestCase.php:768
+    ./.phpunit/phpunit-4.8/src/Framework/TestResult.php:612
+    ./.phpunit/phpunit-4.8/src/Framework/TestCase.php:724
+    ./.phpunit/phpunit-4.8/src/Framework/TestSuite.php:722
+    ./.phpunit/phpunit-4.8/src/Framework/TestSuite.php:722
+    ./.phpunit/phpunit-4.8/src/TextUI/TestRunner.php:440
+    ./.phpunit/phpunit-4.8/src/TextUI/Command.php:149
+    ./.phpunit/phpunit-4.8/src/TextUI/Command.php:100
+    ./.phpunit/phpunit-4.8/phpunit:17
+    ./vendor/symfony/phpunit-bridge/bin/simple-phpunit.php:308
+    ./vendor/symfony/phpunit-bridge/bin/simple-phpunit:13
+    ./phpunit:18
+  }
+}

/home/travis/build/symfony/symfony/src/Symfony/Component/VarDumper/Test/VarDumperTestTrait.php:41
/home/travis/build/symfony/symfony/src/Symfony/Component/VarDumper/Tests/Caster/ExceptionCasterTest.php:124

5) Symfony\Component\VarDumper\Tests\CasterExceptionCasterTest::testHtmlDump
Failed asserting that format description matches text.
--- Expected
+++ Actual
@@ @@
 foo&gt;/foo&gt;bar&gt;span class=sf-dump-note&gt;Exception/span&gt; {samp&gt;
   #span class=sf-dump-protected title="Protected property"&gt;message/span&gt;: "span class=sf-dump-str&gt;1/span&gt;"
   #span class=sf-dump-protected title="Protected property"&gt;code/span&gt;: span class=sf-dump-num&gt;0/span&gt;
   #span class=sf-dump-protected title="Protected property"&gt;file/span&gt;: "span class=sf-dump-str title="/home/travis/build/symfony/symfony/src/Symfony/Component/VarDumper/Tests/Caster/ExceptionCasterTest.php
 103 characters"&gt;span class="sf-dump-ellipsis sf-dump-ellipsis-path"&gt;/home/travis/build/symfony/symfony/src/Symfony/Component/VarDumper/span&gt;span class=sf-dump-ellipsis&gt;//span&gt;Tests/Caster/ExceptionCasterTest.php/span&gt;"
-  #span class=sf-dump-protected title="Protected property"&gt;line/span&gt;: span class=sf-dump-num&gt;30/span&gt;
+  #span class=sf-dump-protected title="Protected property"&gt;line/span&gt;: span class=sf-dump-num&gt;28/span&gt;
   span class=sf-dump-meta&gt;trace/span&gt;: {samp&gt;
     span class=sf-dump-meta title="/home/travis/build/symfony/symfony/src/Symfony/Component/VarDumper/Tests/Caster/ExceptionCasterTest.php
-Stack level %d."&gt;span class="sf-dump-ellipsis sf-dump-ellipsis-path"&gt;%s%eVarDumper/span&gt;span class=sf-dump-ellipsis&gt;%e/span&gt;Tests%eCaster%eExceptionCasterTest.php/span&gt;:span class=sf-dump-num&gt;30/span&gt;
+Stack level 16."&gt;span class="sf-dump-ellipsis sf-dump-ellipsis-path"&gt;/home/travis/build/symfony/symfony/src/Symfony/Component/VarDumper/span&gt;span class=sf-dump-ellipsis&gt;//span&gt;Tests/Caster/ExceptionCasterTest.php/span&gt;:span class=sf-dump-num&gt;28/span&gt;
      hellip;15
   /samp&gt;}
 /samp&gt;}
 /bar&gt;
+

/home/travis/build/symfony/symfony/src/Symfony/Component/VarDumper/Tests/Caster/ExceptionCasterTest.php:159

6) Symfony\Component\VarDumper\Tests\CasterExceptionCasterTest::testFrameWithTwig
Failed asserting that format description matches text.
--- Expected
+++ Actual
@@ @@
 array:2 [
   0 =&gt; {
     class: "__TwigTemplate_VarDumperFixture_u75a09"
     src: {
       /home/travis/build/symfony/symfony/src/Symfony/Component/VarDumper/Tests/Fixtures/Twig.php:1 {
-        ›
+        › 
@@ @@
       -path: "/home/travis/build/symfony/symfony/src/Symfony/Component/VarDumper/Tests/Caster/ExceptionCasterTest.php"
+      #parent: false
+      #parents: []
+      #env: null
+      #blocks: []
+      #traits: []
+      #sandbox: null
     }
     src: {
-      %sExceptionCasterTest.php:2 {
+      /home/travis/build/symfony/symfony/src/Symfony/Component/VarDumper/Tests/Caster/ExceptionCasterTest.php:2 {
         › foo bar
         ›   twig source
-        ›
+        › 
       }
     }
   }
 ]

/home/travis/build/symfony/symfony/src/Symfony/Component/VarDumper/Test/VarDumperTestTrait.php:41
/home/travis/build/symfony/symfony/src/Symfony/Component/VarDumper/Tests/Caster/ExceptionCasterTest.php:212

7) Symfony\Component\VarDumper\Tests\CasterExceptionCasterTest::testExcludeVerbosity
Failed asserting that format description matches text.
--- Expected
+++ Actual
@@ @@
 Exception {
   #message: "foo"
   #code: 0
   #file: "./src/Symfony/Component/VarDumper/Tests/Caster/ExceptionCasterTest.php"
-  #line: 30
+  #line: 28
 }

/home/travis/build/symfony/symfony/src/Symfony/Component/VarDumper/Test/VarDumperTestTrait.php:41
/home/travis/build/symfony/symfony/src/Symfony/Component/VarDumper/Tests/Caster/ExceptionCasterTest.php:228

8) Symfony\Component\VarDumper\Tests\Caster\XmlReaderCasterTest::testNodes with data set #2 (2, 'XMLReader {\n  +localName: "#t...…9\n}')
Failed asserting that format description matches text.
--- Expected
+++ Actual
@@ @@
     \n
-
+        
     """
   +baseURI: "./src/Symfony/Component/VarDumper/Tests/Fixtures/xml_reader.xml"
    …9
 }

/home/travis/build/symfony/symfony/src/Symfony/Component/VarDumper/Test/VarDumperTestTrait.php:41
/home/travis/build/symfony/symfony/src/Symfony/Component/VarDumper/Tests/Caster/XmlReaderCasterTest.php:64

9) Symfony\Component\VarDumper\Tests\Caster\XmlReaderCasterTest::testNodes with data set #10 (16, 'XMLReader {\n  +localName: "#t...…9\n}')
Failed asserting that format description matches text.
--- Expected
+++ Actual
@@ @@
     \n
-
+            
     """
   +baseURI: "./src/Symfony/Component/VarDumper/Tests/Fixtures/xml_reader.xml"
    …9
 }

/home/travis/build/symfony/symfony/src/Symfony/Component/VarDumper/Test/VarDumperTestTrait.php:41
/home/travis/build/symfony/symfony/src/Symfony/Component/VarDumper/Tests/Caster/XmlReaderCasterTest.php:64

10) Symfony\Component\VarDumper\Tests\Caster\XmlReaderCasterTest::testNodes with data set #13 (19, 'XMLReader {\n  +localName: "#t...…9\n}')
Failed asserting that format description matches text.
--- Expected
+++ Actual
@@ @@
     \n
-
+        
     """
   +baseURI: "./src/Symfony/Component/VarDumper/Tests/Fixtures/xml_reader.xml"
    …9
 }

/home/travis/build/symfony/symfony/src/Symfony/Component/VarDumper/Test/VarDumperTestTrait.php:41
/home/travis/build/symfony/symfony/src/Symfony/Component/VarDumper/Tests/Caster/XmlReaderCasterTest.php:64</Chunk>
  </Example>
</Examples>
