<?xml version="1.0" encoding="UTF-8"?>
<Examples>
  <Example>
    <Log>Rust/BurntSushi@ripgrep/failed/524197508.log</Log>
    <Keywords>error, failed, stderr</Keywords>
    <Category>0</Category>
    <Chunk>configure: error: in `/home/travis/build/BurntSushi/ripgrep/target/i686-unknown-linux-musl/debug/build/jemalloc-sys-754a2cc36ac04a65/out/build':
configure: error: C compiler cannot create executables
See `config.log' for more details
thread 'main' panicked at 'command did not execute successfully: "sh" "/home/travis/build/BurntSushi/ripgrep/target/i686-unknown-linux-musl/debug/build/jemalloc-sys-754a2cc36ac04a65/out/jemalloc/configure" "--disable-cxx" "--with-jemalloc-prefix=_rjem_" "--with-private-namespace=_rjem_" "--host=i686-unknown-linux-musl" "--build=x86_64-unknown-linux-gnu" "--prefix=/home/travis/build/BurntSushi/ripgrep/target/i686-unknown-linux-musl/debug/build/jemalloc-sys-754a2cc36ac04a65/out"
expected success, got: exit code: 77', /home/travis/.cargo/registry/src/github.com-1ecc6299db9ec823/jemalloc-sys-0.3.0/build.rs:370:9
stack backtrace:
   0:     0x5597a5c1a753 - std::sys::unix::backtrace::tracing::imp::unwind_backtrace::h6bfa65e4a0f076ef
                               at src/libstd/sys/unix/backtrace/tracing/gcc_s.rs:39
   1:     0x5597a5c15d1b - std::sys_common::backtrace::_print::h1a592fe565d3945f
                               at src/libstd/sys_common/backtrace.rs:71
   2:     0x5597a5c194a6 - std::panicking::default_hook::{{closure}}::hf7ac78f0d6baf05c
                               at src/libstd/sys_common/backtrace.rs:59
                               at src/libstd/panicking.rs:197
   3:     0x5597a5c19239 - std::panicking::default_hook::ha084a854a3fd471d
                               at src/libstd/panicking.rs:211
   4:     0x5597a5c19b4f - std::panicking::rust_panic_with_hook::h4cb2475a03affa86
                               at src/libstd/panicking.rs:474
   5:     0x5597a5c196d1 - std::panicking::continue_panic_fmt::h2c102840e3aee2c8
                               at src/libstd/panicking.rs:381
   6:     0x5597a5c1961e - std::panicking::begin_panic_fmt::h153e4c4ce43a5817
                               at src/libstd/panicking.rs:336
   7:     0x5597a5b8e893 - build_script_build::run::h39002c06cc8849b5
                               at /home/travis/.cargo/registry/src/github.com-1ecc6299db9ec823/jemalloc-sys-0.3.0/build.rs:370
   8:     0x5597a5b8cf2a - build_script_build::main::hf10e7dcd77bd7f98
                               at /home/travis/.cargo/registry/src/github.com-1ecc6299db9ec823/jemalloc-sys-0.3.0/build.rs:304
   9:     0x5597a5b9968f - std::rt::lang_start::{{closure}}::h41cfa648c1e16d94
                               at /rustc/e938c2b9aae7e0c37c382e4e22bdc360e9a4f0b6/src/libstd/rt.rs:64
  10:     0x5597a5c19552 - std::panicking::try::do_call::h6f81865688d63aec
                               at src/libstd/rt.rs:49
                               at src/libstd/panicking.rs:293
  11:     0x5597a5c215f9 - __rust_maybe_catch_panic
                               at src/libpanic_unwind/lib.rs:85
  12:     0x5597a5c1a05c - std::rt::lang_start_internal::hc0ce7694d675a3f7
                               at src/libstd/panicking.rs:272
                               at src/libstd/panic.rs:388
                               at src/libstd/rt.rs:48
  13:     0x5597a5b99668 - std::rt::lang_start::hd3d2349b3ef9f36b
                               at /rustc/e938c2b9aae7e0c37c382e4e22bdc360e9a4f0b6/src/libstd/rt.rs:64
  14:     0x5597a5b8ee39 - main
  15:     0x7ffb2d57c82f - __libc_start_main
  16:     0x5597a5b89178 - _start
  17:                0x0 - &lt;unknown&gt;</Chunk>
  </Example>
  <Example>
    <Log>Rust/BurntSushi@ripgrep/failed/524343295.log</Log>
    <Keywords>error, failed, stderr</Keywords>
    <Category>0</Category>
    <Chunk>configure: error: in `/home/travis/build/BurntSushi/ripgrep/target/i686-unknown-linux-musl/debug/build/jemalloc-sys-8599e81d749c60c3/out/build':
configure: error: C compiler cannot create executables
See `config.log' for more details
thread 'main' panicked at 'command did not execute successfully: "sh" "/home/travis/build/BurntSushi/ripgrep/target/i686-unknown-linux-musl/debug/build/jemalloc-sys-8599e81d749c60c3/out/jemalloc/configure" "--disable-cxx" "--with-jemalloc-prefix=_rjem_" "--with-private-namespace=_rjem_" "--host=i686-unknown-linux-musl" "--build=x86_64-unknown-linux-gnu" "--prefix=/home/travis/build/BurntSushi/ripgrep/target/i686-unknown-linux-musl/debug/build/jemalloc-sys-8599e81d749c60c3/out"
expected success, got: exit code: 77', /home/travis/.cargo/registry/src/github.com-1ecc6299db9ec823/jemalloc-sys-0.3.0/build.rs:370:9
stack backtrace:
   0:     0x55ffe43f9ad3 - std::sys::unix::backtrace::tracing::imp::unwind_backtrace::h805294fd9a8a1853
                               at src/libstd/sys/unix/backtrace/tracing/gcc_s.rs:39
   1:     0x55ffe43f509b - std::sys_common::backtrace::_print::h563674885828f2f5
                               at src/libstd/sys_common/backtrace.rs:71
   2:     0x55ffe43f8826 - std::panicking::default_hook::{{closure}}::ha80a0fc374ac4513
                               at src/libstd/sys_common/backtrace.rs:59
                               at src/libstd/panicking.rs:197
   3:     0x55ffe43f85b9 - std::panicking::default_hook::h22bb6d1b97092339
                               at src/libstd/panicking.rs:211
   4:     0x55ffe43f8ecf - std::panicking::rust_panic_with_hook::hb430545a95762309
                               at src/libstd/panicking.rs:474
   5:     0x55ffe43f8a51 - std::panicking::continue_panic_fmt::h5eaf2c376dcf553f
                               at src/libstd/panicking.rs:381
   6:     0x55ffe43f899e - std::panicking::begin_panic_fmt::h31a847e2b18d2643
                               at src/libstd/panicking.rs:336
   7:     0x55ffe43736b3 - build_script_build::run::h852c9d748e4dff52
                               at /home/travis/.cargo/registry/src/github.com-1ecc6299db9ec823/jemalloc-sys-0.3.0/build.rs:370
   8:     0x55ffe4371d4a - build_script_build::main::h1dfc25676cbdf6b4
                               at /home/travis/.cargo/registry/src/github.com-1ecc6299db9ec823/jemalloc-sys-0.3.0/build.rs:304
   9:     0x55ffe437e14f - std::rt::lang_start::{{closure}}::hdd093d01c7476365
                               at /rustc/e305df1846a6d985315917ae0c81b74af8b4e641/src/libstd/rt.rs:64
  10:     0x55ffe43f88d2 - std::panicking::try::do_call::h1f09ded7f50c84d3
                               at src/libstd/rt.rs:49
                               at src/libstd/panicking.rs:293
  11:     0x55ffe4400979 - __rust_maybe_catch_panic
                               at src/libpanic_unwind/lib.rs:85
  12:     0x55ffe43f93dc - std::rt::lang_start_internal::hf27f440d51809051
                               at src/libstd/panicking.rs:272
                               at src/libstd/panic.rs:388
                               at src/libstd/rt.rs:48
  13:     0x55ffe437e128 - std::rt::lang_start::h2655da0b670b6ffe
                               at /rustc/e305df1846a6d985315917ae0c81b74af8b4e641/src/libstd/rt.rs:64
  14:     0x55ffe4373c59 - main
  15:     0x7f49555ec82f - __libc_start_main
  16:     0x55ffe436df98 - _start
  17:                0x0 - &lt;unknown&gt;</Chunk>
  </Example>
  <Example>
    <Log>Rust/BurntSushi@ripgrep/failed/524430085.log</Log>
    <Keywords>stderr, panicked, failed</Keywords>
    <Category>0</Category>
    <Chunk>thread 'main' panicked at 'called `Result::unwrap()` on an `Err` value: Os { code: 2, kind: NotFound, message: "No such file or directory" }', src/libcore/result.rs:999:5
note: Run with `RUST_BACKTRACE=1` environment variable to display a backtrace.</Chunk>
  </Example>
  <Example>
    <Log>Rust/BurntSushi@ripgrep/failed/524433448.log</Log>
    <Keywords>stderr, panicked, failed</Keywords>
    <Category>0</Category>
    <Chunk>thread 'main' panicked at 'called `Result::unwrap()` on an `Err` value: Os { code: 2, kind: NotFound, message: "No such file or directory" }', src/libcore/result.rs:999:5
note: Run with `RUST_BACKTRACE=1` environment variable to display a backtrace.</Chunk>
  </Example>
  <Example>
    <Log>Rust/BurntSushi@ripgrep/failed/524435666.log</Log>
    <Keywords>error, , </Keywords>
    <Category>1</Category>
    <Chunk>note[0m[0m: /target/i686-unknown-linux-musl/debug/deps/libjemalloc_sys-efcf9f5425698221.rlib(arena.pic.o): In function `ffs_llu':[0m
[0m          /target/i686-unknown-linux-musl/debug/build/jemalloc-sys-8599e81d749c60c3/out/build/../jemalloc/include/jemalloc/internal/bit_util.h:17: undefined reference to `__ffsdi2'[0m
[0m          collect2: error: ld returned 1 exit status</Chunk>
  </Example>
  <Example>
    <Log>Rust/BurntSushi@ripgrep/failed/524438701.log</Log>
    <Keywords>error, failed, stderr</Keywords>
    <Category>0</Category>
    <Chunk>configure: error: in `/home/travis/build/BurntSushi/ripgrep/target/i686-unknown-linux-musl/debug/build/jemalloc-sys-8599e81d749c60c3/out/build':
configure: error: C compiler cannot create executables
See `config.log' for more details
thread 'main' panicked at 'command did not execute successfully: "sh" "/home/travis/build/BurntSushi/ripgrep/target/i686-unknown-linux-musl/debug/build/jemalloc-sys-8599e81d749c60c3/out/jemalloc/configure" "--disable-cxx" "--with-jemalloc-prefix=_rjem_" "--with-private-namespace=_rjem_" "--host=i686-unknown-linux-musl" "--build=x86_64-unknown-linux-gnu" "--prefix=/home/travis/build/BurntSushi/ripgrep/target/i686-unknown-linux-musl/debug/build/jemalloc-sys-8599e81d749c60c3/out"
expected success, got: exit code: 77', /home/travis/.cargo/registry/src/github.com-1ecc6299db9ec823/jemalloc-sys-0.3.0/build.rs:370:9
stack backtrace:
   0:     0x5652fb2fcad3 - std::sys::unix::backtrace::tracing::imp::unwind_backtrace::h805294fd9a8a1853
                               at src/libstd/sys/unix/backtrace/tracing/gcc_s.rs:39
   1:     0x5652fb2f809b - std::sys_common::backtrace::_print::h563674885828f2f5
                               at src/libstd/sys_common/backtrace.rs:71
   2:     0x5652fb2fb826 - std::panicking::default_hook::{{closure}}::ha80a0fc374ac4513
                               at src/libstd/sys_common/backtrace.rs:59
                               at src/libstd/panicking.rs:197
   3:     0x5652fb2fb5b9 - std::panicking::default_hook::h22bb6d1b97092339
                               at src/libstd/panicking.rs:211
   4:     0x5652fb2fbecf - std::panicking::rust_panic_with_hook::hb430545a95762309
                               at src/libstd/panicking.rs:474
   5:     0x5652fb2fba51 - std::panicking::continue_panic_fmt::h5eaf2c376dcf553f
                               at src/libstd/panicking.rs:381
   6:     0x5652fb2fb99e - std::panicking::begin_panic_fmt::h31a847e2b18d2643
                               at src/libstd/panicking.rs:336
   7:     0x5652fb2766b3 - build_script_build::run::h852c9d748e4dff52
                               at /home/travis/.cargo/registry/src/github.com-1ecc6299db9ec823/jemalloc-sys-0.3.0/build.rs:370
   8:     0x5652fb274d4a - build_script_build::main::h1dfc25676cbdf6b4
                               at /home/travis/.cargo/registry/src/github.com-1ecc6299db9ec823/jemalloc-sys-0.3.0/build.rs:304
   9:     0x5652fb28114f - std::rt::lang_start::{{closure}}::hdd093d01c7476365
                               at /rustc/e305df1846a6d985315917ae0c81b74af8b4e641/src/libstd/rt.rs:64
  10:     0x5652fb2fb8d2 - std::panicking::try::do_call::h1f09ded7f50c84d3
                               at src/libstd/rt.rs:49
                               at src/libstd/panicking.rs:293
  11:     0x5652fb303979 - __rust_maybe_catch_panic
                               at src/libpanic_unwind/lib.rs:85
  12:     0x5652fb2fc3dc - std::rt::lang_start_internal::hf27f440d51809051
                               at src/libstd/panicking.rs:272
                               at src/libstd/panic.rs:388
                               at src/libstd/rt.rs:48
  13:     0x5652fb281128 - std::rt::lang_start::h2655da0b670b6ffe
                               at /rustc/e305df1846a6d985315917ae0c81b74af8b4e641/src/libstd/rt.rs:64
  14:     0x5652fb276c59 - main
  15:     0x7f1522d5c82f - __libc_start_main
  16:     0x5652fb270f98 - _start
  17:                0x0 - unknown&gt;</Chunk>
  </Example>
  <Example>
    <Log>Rust/BurntSushi@ripgrep/failed/524440676.log</Log>
    <Keywords>error, , </Keywords>
    <Category>1</Category>
    <Chunk>note[0m[0m: /target/i686-unknown-linux-musl/debug/deps/libjemalloc_sys-efcf9f5425698221.rlib(arena.pic.o): In function `ffs_llu':[0m
[0m          /target/i686-unknown-linux-musl/debug/build/jemalloc-sys-8599e81d749c60c3/out/build/../jemalloc/include/jemalloc/internal/bit_util.h:17: undefined reference to `__ffsdi2'[0m
[0m          collect2: error: ld returned 1 exit status</Chunk>
  </Example>
  <Example>
    <Log>Rust/BurntSushi@ripgrep/failed/524443210.log</Log>
    <Keywords>stderr, panicked, failed</Keywords>
    <Category>0</Category>
    <Chunk>thread 'main' panicked at 'called `Result::unwrap()` on an `Err` value: Os { code: 2, kind: NotFound, message: "No such file or directory" }', src/libcore/result.rs:999:5
note: Run with `RUST_BACKTRACE=1` environment variable to display a backtrace.</Chunk>
  </Example>
  <Example>
    <Log>Rust/BurntSushi@ripgrep/failed/524445021.log</Log>
    <Keywords>stderr, panicked, failed</Keywords>
    <Category>0</Category>
    <Chunk>thread 'main' panicked at 'called `Result::unwrap()` on an `Err` value: Os { code: 2, kind: NotFound, message: "No such file or directory" }', src/libcore/result.rs:999:5
note: Run with `RUST_BACKTRACE=1` environment variable to display a backtrace.</Chunk>
  </Example>
  <Example>
    <Log>Rust/BurntSushi@ripgrep/failed/524447299.log</Log>
    <Keywords>stderr, panicked, failed</Keywords>
    <Category>0</Category>
    <Chunk>thread 'main' panicked at 'called `Result::unwrap()` on an `Err` value: Os { code: 2, kind: NotFound, message: "No such file or directory" }', src/libcore/result.rs:999:5
stack backtrace:
   0: std::sys::unix::backtrace::tracing::imp::unwind_backtrace
             at src/libstd/sys/unix/backtrace/tracing/gcc_s.rs:39
   1: std::sys_common::backtrace::_print
             at src/libstd/sys_common/backtrace.rs:71
   2: std::panicking::default_hook::{{closure}}
             at src/libstd/sys_common/backtrace.rs:59
             at src/libstd/panicking.rs:197
   3: std::panicking::default_hook
             at src/libstd/panicking.rs:211
   4: std::panicking::rust_panic_with_hook
             at src/libstd/panicking.rs:474
   5: std::panicking::continue_panic_fmt
             at src/libstd/panicking.rs:381
   6: rust_begin_unwind
             at src/libstd/panicking.rs:308
   7: core::panicking::panic_fmt
             at src/libcore/panicking.rs:85
   8: core::result::unwrap_failed
             at /rustc/e305df1846a6d985315917ae0c81b74af8b4e641/src/libcore/macros.rs:18
   9: core::result::ResultT,E&gt;::unwrap
             at /rustc/e305df1846a6d985315917ae0c81b74af8b4e641/src/libcore/result.rs:800
  10: build_script_build::main
             at ./build.rs:75
  11: std::rt::lang_start::{{closure}}
             at /rustc/e305df1846a6d985315917ae0c81b74af8b4e641/src/libstd/rt.rs:64
  12: std::panicking::try::do_call
             at src/libstd/rt.rs:49
             at src/libstd/panicking.rs:293
  13: __rust_maybe_catch_panic
             at src/libpanic_unwind/lib.rs:85
  14: std::rt::lang_start_internal
             at src/libstd/panicking.rs:272
             at src/libstd/panic.rs:388
             at src/libstd/rt.rs:48
  15: std::rt::lang_start
             at /rustc/e305df1846a6d985315917ae0c81b74af8b4e641/src/libstd/rt.rs:64
  16: main
  17: __libc_start_main
  18: _start</Chunk>
  </Example>
</Examples>
