<?xml version="1.0" encoding="UTF-8"?>
<Examples>
  <Example>
    <Log>JavaScript/airbnb@javascript/failed/563286141.log</Log>
    <Keywords>notOk, Error, </Keywords>
    <Category>0</Category>
    <Chunk>operator: notOk
    expected: false
    actual:   1
    at: Test.&lt;anonymous&gt; (/home/travis/build/airbnb/javascript/packages/eslint-config-airbnb/test/test-react-order.js:57:7)
    stack: |-
      Error: no errors
          at Test.assert [as _assert] (/home/travis/build/airbnb/javascript/packages/eslint-config-airbnb/node_modules/tape/lib/test.js:225:54)
          at Test.bound [as _assert] (/home/travis/build/airbnb/javascript/packages/eslint-config-airbnb/node_modules/tape/lib/test.js:77:32)
          at Test.notOK (/home/travis/build/airbnb/javascript/packages/eslint-config-airbnb/node_modules/tape/lib/test.js:357:10)
          at Test.bound (/home/travis/build/airbnb/javascript/packages/eslint-config-airbnb/node_modules/tape/lib/test.js:77:32)
          at Test.&lt;anonymous&gt; (/home/travis/build/airbnb/javascript/packages/eslint-config-airbnb/test/test-react-order.js:57:7)
          at Test.bound [as _cb] (/home/travis/build/airbnb/javascript/packages/eslint-config-airbnb/node_modules/tape/lib/test.js:77:32)
          at Test.run (/home/travis/build/airbnb/javascript/packages/eslint-config-airbnb/node_modules/tape/lib/test.js:93:10)
          at Test.bound [as run] (/home/travis/build/airbnb/javascript/packages/eslint-config-airbnb/node_modules/tape/lib/test.js:77:32)
          at Test._end (/home/travis/build/airbnb/javascript/packages/eslint-config-airbnb/node_modules/tape/lib/test.js:162:11)
          at Test.bound [as _end] (/home/travis/build/airbnb/javascript/packages/eslint-config-airbnb/node_modules/tape/lib/test.js:77:32)</Chunk>
  </Example>
  <Example>
    <Log>JavaScript/airbnb@javascript/failed/563282619.log</Log>
    <Keywords>notOk, Error, </Keywords>
    <Category>0</Category>
    <Chunk>operator: notOk
    expected: false
    actual:   1
    at: Test.&lt;anonymous&gt; (/home/travis/build/airbnb/javascript/packages/eslint-config-airbnb/test/test-react-order.js:57:7)
    stack: |-
      Error: no errors
          at Test.assert [as _assert] (/home/travis/build/airbnb/javascript/packages/eslint-config-airbnb/node_modules/tape/lib/test.js:225:54)
          at Test.bound [as _assert] (/home/travis/build/airbnb/javascript/packages/eslint-config-airbnb/node_modules/tape/lib/test.js:77:32)
          at Test.notOK (/home/travis/build/airbnb/javascript/packages/eslint-config-airbnb/node_modules/tape/lib/test.js:357:10)
          at Test.bound (/home/travis/build/airbnb/javascript/packages/eslint-config-airbnb/node_modules/tape/lib/test.js:77:32)
          at Test.&lt;anonymous&gt; (/home/travis/build/airbnb/javascript/packages/eslint-config-airbnb/test/test-react-order.js:57:7)
          at Test.bound [as _cb] (/home/travis/build/airbnb/javascript/packages/eslint-config-airbnb/node_modules/tape/lib/test.js:77:32)
          at Test.run (/home/travis/build/airbnb/javascript/packages/eslint-config-airbnb/node_modules/tape/lib/test.js:93:10)
          at Test.bound [as run] (/home/travis/build/airbnb/javascript/packages/eslint-config-airbnb/node_modules/tape/lib/test.js:77:32)
          at Test._end (/home/travis/build/airbnb/javascript/packages/eslint-config-airbnb/node_modules/tape/lib/test.js:162:11)
          at Test.bound [as _end] (/home/travis/build/airbnb/javascript/packages/eslint-config-airbnb/node_modules/tape/lib/test.js:77:32)</Chunk>
  </Example>
  <Example>
    <Log>JavaScript/airbnb@javascript/failed/563272067.log</Log>
    <Keywords>notOk, Error, </Keywords>
    <Category>0</Category>
    <Chunk>operator: notOk
    expected: false
    actual:   1
    at: Test.&lt;anonymous&gt; (/home/travis/build/airbnb/javascript/packages/eslint-config-airbnb/test/test-react-order.js:57:7)
    stack: |-
      Error: no errors
          at Test.assert [as _assert] (/home/travis/build/airbnb/javascript/packages/eslint-config-airbnb/node_modules/tape/lib/test.js:225:54)
          at Test.bound [as _assert] (/home/travis/build/airbnb/javascript/packages/eslint-config-airbnb/node_modules/tape/lib/test.js:77:32)
          at Test.notOK (/home/travis/build/airbnb/javascript/packages/eslint-config-airbnb/node_modules/tape/lib/test.js:357:10)
          at Test.bound (/home/travis/build/airbnb/javascript/packages/eslint-config-airbnb/node_modules/tape/lib/test.js:77:32)
          at Test.&lt;anonymous&gt; (/home/travis/build/airbnb/javascript/packages/eslint-config-airbnb/test/test-react-order.js:57:7)
          at Test.bound [as _cb] (/home/travis/build/airbnb/javascript/packages/eslint-config-airbnb/node_modules/tape/lib/test.js:77:32)
          at Test.run (/home/travis/build/airbnb/javascript/packages/eslint-config-airbnb/node_modules/tape/lib/test.js:93:10)
          at Test.bound [as run] (/home/travis/build/airbnb/javascript/packages/eslint-config-airbnb/node_modules/tape/lib/test.js:77:32)
          at Test._end (/home/travis/build/airbnb/javascript/packages/eslint-config-airbnb/node_modules/tape/lib/test.js:162:11)
          at Test.bound [as _end] (/home/travis/build/airbnb/javascript/packages/eslint-config-airbnb/node_modules/tape/lib/test.js:77:32)</Chunk>
  </Example>
  <Example>
    <Log>JavaScript/airbnb@javascript/failed/563268407.log</Log>
    <Keywords>notOk, Error, </Keywords>
    <Category>0</Category>
    <Chunk>operator: notOk
    expected: false
    actual:   1
    at: Test.&lt;anonymous&gt; (/home/travis/build/airbnb/javascript/packages/eslint-config-airbnb/test/test-react-order.js:57:7)
    stack: |-
      Error: no errors
          at Test.assert [as _assert] (/home/travis/build/airbnb/javascript/packages/eslint-config-airbnb/node_modules/tape/lib/test.js:225:54)
          at Test.bound [as _assert] (/home/travis/build/airbnb/javascript/packages/eslint-config-airbnb/node_modules/tape/lib/test.js:77:32)
          at Test.notOK (/home/travis/build/airbnb/javascript/packages/eslint-config-airbnb/node_modules/tape/lib/test.js:357:10)
          at Test.bound (/home/travis/build/airbnb/javascript/packages/eslint-config-airbnb/node_modules/tape/lib/test.js:77:32)
          at Test.&lt;anonymous&gt; (/home/travis/build/airbnb/javascript/packages/eslint-config-airbnb/test/test-react-order.js:57:7)
          at Test.bound [as _cb] (/home/travis/build/airbnb/javascript/packages/eslint-config-airbnb/node_modules/tape/lib/test.js:77:32)
          at Test.run (/home/travis/build/airbnb/javascript/packages/eslint-config-airbnb/node_modules/tape/lib/test.js:93:10)
          at Test.bound [as run] (/home/travis/build/airbnb/javascript/packages/eslint-config-airbnb/node_modules/tape/lib/test.js:77:32)
          at Test._end (/home/travis/build/airbnb/javascript/packages/eslint-config-airbnb/node_modules/tape/lib/test.js:162:11)
          at Test.bound [as _end] (/home/travis/build/airbnb/javascript/packages/eslint-config-airbnb/node_modules/tape/lib/test.js:77:32)</Chunk>
  </Example>
  <Example>
    <Log>JavaScript/airbnb@javascript/failed/562099876.log</Log>
    <Keywords>failed, ERR!, </Keywords>
    <Category>1</Category>
    <Chunk>CHANGELOG.md failed indent_char: found setting '  ', should be '    '
README.md failed indent_char: found setting '  ', should be '    '
index.js failed indent_char: found setting '  ', should be '    '
legacy.js failed indent_char: found setting '  ', should be '    '
package.json failed indent_char: found setting '  ', should be '    '
whitespace.js failed indent_char: found setting '  ', should be '    '
rules/best-practices.js failed indent_char: found setting '  ', should be '    '
rules/errors.js failed indent_char: found setting '  ', should be '    '
rules/es6.js failed indent_char: found setting '  ', should be '    '
rules/imports.js failed indent_char: found setting '  ', should be '    '
rules/node.js failed indent_char: found setting '  ', should be '    '
rules/strict.js failed indent_char: found setting '  ', should be '    '
rules/style.js failed indent_char: found setting '  ', should be '    '
rules/variables.js failed indent_char: found setting '  ', should be '    '
test/requires.js failed indent_char: found setting '  ', should be '    '
test/test-base.js failed indent_char: found setting '  ', should be '    '</Chunk>
  </Example>
  <Example>
    <Log>JavaScript/airbnb@javascript/failed/556132210.log</Log>
    <Keywords>ERR!, , </Keywords>
    <Category>2</Category>
    <Chunk>react/README.md: 29: MD012/no-multiple-blanks Multiple consecutive blank lines [Expected: 1; Actual: 2]
react/README.md: 751: MD034/no-bare-urls Bare URL used [Context: "https://reactjs.org/blog/2017/..."]
react/README.md: 758: MD029/ol-prefix Ordered list item prefix [Expected: 1; Actual: 2; Style: 1/1/1]
react/README.md: 759: MD029/ol-prefix Ordered list item prefix [Expected: 1; Actual: 3; Style: 1/1/1]
react/README.md: 787: MD034/no-bare-urls Bare URL used [Context: "https://reactjs.org/blog/2018/..."]
react/README.md: 788: MD034/no-bare-urls Bare URL used [Context: "https://reactjs.org/blog/2018/..."]
react/README.md: 823: MD034/no-bare-urls Bare URL used [Context: "https://reactjs.org/blog/2018/..."]
react/README.md: 847: MD034/no-bare-urls Bare URL used [Context: "https://reactjs.org/blog/2019/..."]
react/README.md: 848: MD034/no-bare-urls Bare URL used [Context: "https://reactjs.org/docs/hooks..."]</Chunk>
  </Example>
  <Example>
    <Log>JavaScript/airbnb@javascript/failed/556129904.log</Log>
    <Keywords>ERR!, , </Keywords>
    <Category>2</Category>
    <Chunk>react/README.md: 29: MD012/no-multiple-blanks Multiple consecutive blank lines [Expected: 1; Actual: 2]
react/README.md: 751: MD034/no-bare-urls Bare URL used [Context: "https://reactjs.org/blog/2017/..."]
react/README.md: 758: MD029/ol-prefix Ordered list item prefix [Expected: 1; Actual: 2; Style: 1/1/1]
react/README.md: 759: MD029/ol-prefix Ordered list item prefix [Expected: 1; Actual: 3; Style: 1/1/1]
react/README.md: 787: MD034/no-bare-urls Bare URL used [Context: "https://reactjs.org/blog/2018/..."]
react/README.md: 788: MD034/no-bare-urls Bare URL used [Context: "https://reactjs.org/blog/2018/..."]
react/README.md: 823: MD034/no-bare-urls Bare URL used [Context: "https://reactjs.org/blog/2018/..."]
react/README.md: 847: MD034/no-bare-urls Bare URL used [Context: "https://reactjs.org/blog/2019/..."]
react/README.md: 848: MD034/no-bare-urls Bare URL used [Context: "https://reactjs.org/docs/hooks..."]</Chunk>
  </Example>
  <Example>
    <Log>JavaScript/airbnb@javascript/failed/556126724.log</Log>
    <Keywords>ERR!, , </Keywords>
    <Category>2</Category>
    <Chunk>react/README.md: 750: MD034/no-bare-urls Bare URL used [Context: "https://reactjs.org/blog/2017/..."]
react/README.md: 757: MD029/ol-prefix Ordered list item prefix [Expected: 1; Actual: 2; Style: 1/1/1]
react/README.md: 758: MD029/ol-prefix Ordered list item prefix [Expected: 1; Actual: 3; Style: 1/1/1]
react/README.md: 786: MD034/no-bare-urls Bare URL used [Context: "https://reactjs.org/blog/2018/..."]
react/README.md: 787: MD034/no-bare-urls Bare URL used [Context: "https://reactjs.org/blog/2018/..."]
react/README.md: 822: MD034/no-bare-urls Bare URL used [Context: "https://reactjs.org/blog/2018/..."]
react/README.md: 846: MD034/no-bare-urls Bare URL used [Context: "https://reactjs.org/blog/2019/..."]
react/README.md: 847: MD034/no-bare-urls Bare URL used [Context: "https://reactjs.org/docs/hooks..."]</Chunk>
  </Example>
  <Example>
    <Log>JavaScript/airbnb@javascript/failed/556125301.log</Log>
    <Keywords>ERR!, , </Keywords>
    <Category>2</Category>
    <Chunk>react/README.md: 750: MD034/no-bare-urls Bare URL used [Context: "https://reactjs.org/blog/2017/..."]
react/README.md: 757: MD029/ol-prefix Ordered list item prefix [Expected: 1; Actual: 2; Style: 1/1/1]
react/README.md: 758: MD029/ol-prefix Ordered list item prefix [Expected: 1; Actual: 3; Style: 1/1/1]
react/README.md: 786: MD034/no-bare-urls Bare URL used [Context: "https://reactjs.org/blog/2018/..."]
react/README.md: 787: MD034/no-bare-urls Bare URL used [Context: "https://reactjs.org/blog/2018/..."]
react/README.md: 822: MD034/no-bare-urls Bare URL used [Context: "https://reactjs.org/blog/2018/..."]
react/README.md: 846: MD034/no-bare-urls Bare URL used [Context: "https://reactjs.org/blog/2019/..."]
react/README.md: 847: MD034/no-bare-urls Bare URL used [Context: "https://reactjs.org/docs/hooks..."]</Chunk>
  </Example>
  <Example>
    <Log>JavaScript/airbnb@javascript/failed/543923279.log</Log>
    <Keywords>notOk, Error, </Keywords>
    <Category>0</Category>
    <Chunk>operator: notOk
    expected: false
    actual:   1
    at: Test.&lt;anonymous&gt; (/home/travis/build/airbnb/javascript/packages/eslint-config-airbnb/test/test-react-order.js:57:7)
    stack: |-
      Error: no errors
          at Test.assert [as _assert] (/home/travis/build/airbnb/javascript/packages/eslint-config-airbnb/node_modules/tape/lib/test.js:226:54)
          at Test.bound [as _assert] (/home/travis/build/airbnb/javascript/packages/eslint-config-airbnb/node_modules/tape/lib/test.js:77:32)
          at Test.notOK (/home/travis/build/airbnb/javascript/packages/eslint-config-airbnb/node_modules/tape/lib/test.js:358:10)
          at Test.bound (/home/travis/build/airbnb/javascript/packages/eslint-config-airbnb/node_modules/tape/lib/test.js:77:32)
          at Test.&lt;anonymous&gt; (/home/travis/build/airbnb/javascript/packages/eslint-config-airbnb/test/test-react-order.js:57:7)
          at Test.bound [as _cb] (/home/travis/build/airbnb/javascript/packages/eslint-config-airbnb/node_modules/tape/lib/test.js:77:32)
          at Test.run (/home/travis/build/airbnb/javascript/packages/eslint-config-airbnb/node_modules/tape/lib/test.js:96:10)
          at Test.bound [as run] (/home/travis/build/airbnb/javascript/packages/eslint-config-airbnb/node_modules/tape/lib/test.js:77:32)
          at Test._end (/home/travis/build/airbnb/javascript/packages/eslint-config-airbnb/node_modules/tape/lib/test.js:165:11)
          at Test.bound [as _end] (/home/travis/build/airbnb/javascript/packages/eslint-config-airbnb/node_modules/tape/lib/test.js:77:32)</Chunk>
  </Example>
</Examples>
