<?xml version="1.0" encoding="UTF-8"?>
<Examples>
  <Example>
    <Log>Objective-C/dkhamsing@open-source-ios-apps/failed/555180400.log</Log>
    <Keywords>Issues :-(, , </Keywords>
    <Category>0</Category>
    <Chunk>&gt; Links 
  1. [L0153] 404 http://a5.mzstatic.com/us/r30/Purple69/v4/b4/96/83/b49683ea-62bc-e9a5-9480-bd75e529d259/screen696x696.jpeg  
&gt; Dupes 
  None ✓</Chunk>
  </Example>
  <Example>
    <Log>Objective-C/dkhamsing@open-source-ios-apps/failed/560605858.log</Log>
    <Keywords>Issues :-(, , </Keywords>
    <Category>0</Category>
    <Chunk>&gt; Links 
  1. [L0239] 522 http://www.wtfgamersonly.com/wp-content/uploads/2014/08/gba4ios.jpg  
  2. [L1581] 404 https://github.com/mssun/passforios/raw/master/img/preview.gif  
&gt; Dupes 
  None ✓</Chunk>
  </Example>
  <Example>
    <Log>Objective-C/dkhamsing@open-source-ios-apps/failed/561971122.log</Log>
    <Keywords>Issues :-(, , </Keywords>
    <Category>0</Category>
    <Chunk>&gt; Links 
  01. [L0191] 301 https://github.com/vanyaland/ToThePenny  → https://github.com/ivan-magda/ToThePenny 
  02. [L0239] 522 http://www.wtfgamersonly.com/wp-content/uploads/2014/08/gba4ios.jpg  
  03. [L1170] 301 https://github.com/vanyaland/Tagger  → https://github.com/ivan-magda/Tagger 
  04. [L1171] 301 https://github.com/vanyaland/Tagger/raw/master/Screenshots/main.png  → https://github.com/ivan-magda/Tagger/raw/master/Screenshots/main.png 
  05. [L1229] 301 https://github.com/vanyaland/UpcomingMovies  → https://github.com/ivan-magda/UpcomingMovies 
  06. [L1230] 301 https://github.com/vanyaland/UpcomingMovies/raw/master/Screenshots/movies.png  → https://github.com/ivan-magda/UpcomingMovies/raw/master/Screenshots/movies.png 
  07. [L1268] 301 https://github.com/vanyaland/Californication  → https://github.com/ivan-magda/Californication 
  08. [L1269] 301 https://github.com/vanyaland/Californication/raw/master/screenshot.png  → https://github.com/ivan-magda/Californication/raw/master/screenshot.png 
  09. [L1299] 301 https://github.com/vanyaland/MVVM-Example  → https://github.com/ivan-magda/MVVM-Example 
  10. [L1300] 301 https://github.com/vanyaland/MVVM-Example/blob/master/resources/images/mvvm-generic-apps-list.png  → https://github.com/ivan-magda/MVVM-Example/blob/master/resources/images/mvvm-generic-apps-list.png 
  11. [L1301] 301 https://github.com/vanyaland/MVVM-Example/blob/master/resources/images/mvvm-generic-detail.png  → https://github.com/ivan-magda/MVVM-Example/blob/master/resources/images/mvvm-generic-detail.png 
  12. [L1302] 301 https://github.com/vanyaland/MVVM-Example/blob/master/resources/images/mvvm-example-minion.png  → https://github.com/ivan-magda/MVVM-Example/blob/master/resources/images/mvvm-example-minion.png 
  13. [L1360] 301 https://github.com/vanyaland/News  → https://github.com/ivan-magda/News 
  14. [L1427] 301 https://github.com/vanyaland/Popular-Movies  → https://github.com/ivan-magda/Popular-Movies 
  15. [L1428] 301 https://github.com/vanyaland/Popular-Movies/blob/master/res/iOS-movie-detail.png  → https://github.com/ivan-magda/Popular-Movies/blob/master/res/iOS-movie-detail.png 
  16. [L1429] 301 https://github.com/vanyaland/Popular-Movies/blob/master/res/iOS-movies-list.png  → https://github.com/ivan-magda/Popular-Movies/blob/master/res/iOS-movies-list.png 
  17. [L1581] 404 https://github.com/mssun/passforios/raw/master/img/preview.gif  
  18. [L1674]  http://dimitridessus.fr/img/iPokeGo/screenshots/iPokeGo3.jpg Net::ReadTimeout 
&gt; Dupes 
  None ✓</Chunk>
  </Example>
  <Example>
    <Log>Objective-C/dkhamsing@open-source-ios-apps/failed/562351363.log</Log>
    <Keywords>Issues :-(, , </Keywords>
    <Category>0</Category>
    <Chunk>&gt; Links 
  01. [L0191] 301 https://github.com/vanyaland/ToThePenny  → https://github.com/ivan-magda/ToThePenny 
  02. [L0239] 522 http://www.wtfgamersonly.com/wp-content/uploads/2014/08/gba4ios.jpg  
  03. [L1170] 301 https://github.com/vanyaland/Tagger  → https://github.com/ivan-magda/Tagger 
  04. [L1171] 301 https://github.com/vanyaland/Tagger/raw/master/Screenshots/main.png  → https://github.com/ivan-magda/Tagger/raw/master/Screenshots/main.png 
  05. [L1229] 301 https://github.com/vanyaland/UpcomingMovies  → https://github.com/ivan-magda/UpcomingMovies 
  06. [L1230] 301 https://github.com/vanyaland/UpcomingMovies/raw/master/Screenshots/movies.png  → https://github.com/ivan-magda/UpcomingMovies/raw/master/Screenshots/movies.png 
  07. [L1268] 301 https://github.com/vanyaland/Californication  → https://github.com/ivan-magda/Californication 
  08. [L1269] 301 https://github.com/vanyaland/Californication/raw/master/screenshot.png  → https://github.com/ivan-magda/Californication/raw/master/screenshot.png 
  09. [L1299] 301 https://github.com/vanyaland/MVVM-Example  → https://github.com/ivan-magda/MVVM-Example 
  10. [L1300] 301 https://github.com/vanyaland/MVVM-Example/blob/master/resources/images/mvvm-generic-apps-list.png  → https://github.com/ivan-magda/MVVM-Example/blob/master/resources/images/mvvm-generic-apps-list.png 
  11. [L1301] 301 https://github.com/vanyaland/MVVM-Example/blob/master/resources/images/mvvm-generic-detail.png  → https://github.com/ivan-magda/MVVM-Example/blob/master/resources/images/mvvm-generic-detail.png 
  12. [L1302] 301 https://github.com/vanyaland/MVVM-Example/blob/master/resources/images/mvvm-example-minion.png  → https://github.com/ivan-magda/MVVM-Example/blob/master/resources/images/mvvm-example-minion.png 
  13. [L1360] 301 https://github.com/vanyaland/News  → https://github.com/ivan-magda/News 
  14. [L1427] 301 https://github.com/vanyaland/Popular-Movies  → https://github.com/ivan-magda/Popular-Movies 
  15. [L1428] 301 https://github.com/vanyaland/Popular-Movies/blob/master/res/iOS-movie-detail.png  → https://github.com/ivan-magda/Popular-Movies/blob/master/res/iOS-movie-detail.png 
  16. [L1429] 301 https://github.com/vanyaland/Popular-Movies/blob/master/res/iOS-movies-list.png  → https://github.com/ivan-magda/Popular-Movies/blob/master/res/iOS-movies-list.png 
  17. [L1581] 404 https://github.com/mssun/passforios/raw/master/img/preview.gif  
&gt; Dupes 
  None ✓</Chunk>
  </Example>
  <Example>
    <Log>Objective-C/dkhamsing@open-source-ios-apps/failed/562459124.log</Log>
    <Keywords>Issues :-(, , </Keywords>
    <Category>0</Category>
    <Chunk>&gt; Links 
  01. [L0191] 301 https://github.com/vanyaland/ToThePenny  → https://github.com/ivan-magda/ToThePenny 
  02. [L0239] 522 http://www.wtfgamersonly.com/wp-content/uploads/2014/08/gba4ios.jpg  
  03. [L1170] 301 https://github.com/vanyaland/Tagger  → https://github.com/ivan-magda/Tagger 
  04. [L1171] 301 https://github.com/vanyaland/Tagger/raw/master/Screenshots/main.png  → https://github.com/ivan-magda/Tagger/raw/master/Screenshots/main.png 
  05. [L1229] 301 https://github.com/vanyaland/UpcomingMovies  → https://github.com/ivan-magda/UpcomingMovies 
  06. [L1230] 301 https://github.com/vanyaland/UpcomingMovies/raw/master/Screenshots/movies.png  → https://github.com/ivan-magda/UpcomingMovies/raw/master/Screenshots/movies.png 
  07. [L1268] 301 https://github.com/vanyaland/Californication  → https://github.com/ivan-magda/Californication 
  08. [L1269] 301 https://github.com/vanyaland/Californication/raw/master/screenshot.png  → https://github.com/ivan-magda/Californication/raw/master/screenshot.png 
  09. [L1299] 301 https://github.com/vanyaland/MVVM-Example  → https://github.com/ivan-magda/MVVM-Example 
  10. [L1300] 301 https://github.com/vanyaland/MVVM-Example/blob/master/resources/images/mvvm-generic-apps-list.png  → https://github.com/ivan-magda/MVVM-Example/blob/master/resources/images/mvvm-generic-apps-list.png 
  11. [L1301] 301 https://github.com/vanyaland/MVVM-Example/blob/master/resources/images/mvvm-generic-detail.png  → https://github.com/ivan-magda/MVVM-Example/blob/master/resources/images/mvvm-generic-detail.png 
  12. [L1302] 301 https://github.com/vanyaland/MVVM-Example/blob/master/resources/images/mvvm-example-minion.png  → https://github.com/ivan-magda/MVVM-Example/blob/master/resources/images/mvvm-example-minion.png 
  13. [L1360] 301 https://github.com/vanyaland/News  → https://github.com/ivan-magda/News 
  14. [L1427] 301 https://github.com/vanyaland/Popular-Movies  → https://github.com/ivan-magda/Popular-Movies 
  15. [L1428] 301 https://github.com/vanyaland/Popular-Movies/blob/master/res/iOS-movie-detail.png  → https://github.com/ivan-magda/Popular-Movies/blob/master/res/iOS-movie-detail.png 
  16. [L1429] 301 https://github.com/vanyaland/Popular-Movies/blob/master/res/iOS-movies-list.png  → https://github.com/ivan-magda/Popular-Movies/blob/master/res/iOS-movies-list.png 
&gt; Dupes 
  None ✓</Chunk>
  </Example>
  <Example>
    <Log>Objective-C/dkhamsing@open-source-ios-apps/failed/562459179.log</Log>
    <Keywords>Issues :-(, , </Keywords>
    <Category>0</Category>
    <Chunk>&gt; Links 
  01. [L0191] 301 https://github.com/vanyaland/ToThePenny  → https://github.com/ivan-magda/ToThePenny 
  02. [L0239] 522 http://www.wtfgamersonly.com/wp-content/uploads/2014/08/gba4ios.jpg  
  03. [L1170] 301 https://github.com/vanyaland/Tagger  → https://github.com/ivan-magda/Tagger 
  04. [L1171] 301 https://github.com/vanyaland/Tagger/raw/master/Screenshots/main.png  → https://github.com/ivan-magda/Tagger/raw/master/Screenshots/main.png 
  05. [L1229] 301 https://github.com/vanyaland/UpcomingMovies  → https://github.com/ivan-magda/UpcomingMovies 
  06. [L1230] 301 https://github.com/vanyaland/UpcomingMovies/raw/master/Screenshots/movies.png  → https://github.com/ivan-magda/UpcomingMovies/raw/master/Screenshots/movies.png 
  07. [L1268] 301 https://github.com/vanyaland/Californication  → https://github.com/ivan-magda/Californication 
  08. [L1269] 301 https://github.com/vanyaland/Californication/raw/master/screenshot.png  → https://github.com/ivan-magda/Californication/raw/master/screenshot.png 
  09. [L1299] 301 https://github.com/vanyaland/MVVM-Example  → https://github.com/ivan-magda/MVVM-Example 
  10. [L1300] 301 https://github.com/vanyaland/MVVM-Example/blob/master/resources/images/mvvm-generic-apps-list.png  → https://github.com/ivan-magda/MVVM-Example/blob/master/resources/images/mvvm-generic-apps-list.png 
  11. [L1301] 301 https://github.com/vanyaland/MVVM-Example/blob/master/resources/images/mvvm-generic-detail.png  → https://github.com/ivan-magda/MVVM-Example/blob/master/resources/images/mvvm-generic-detail.png 
  12. [L1302] 301 https://github.com/vanyaland/MVVM-Example/blob/master/resources/images/mvvm-example-minion.png  → https://github.com/ivan-magda/MVVM-Example/blob/master/resources/images/mvvm-example-minion.png 
  13. [L1360] 301 https://github.com/vanyaland/News  → https://github.com/ivan-magda/News 
  14. [L1427] 301 https://github.com/vanyaland/Popular-Movies  → https://github.com/ivan-magda/Popular-Movies 
  15. [L1428] 301 https://github.com/vanyaland/Popular-Movies/blob/master/res/iOS-movie-detail.png  → https://github.com/ivan-magda/Popular-Movies/blob/master/res/iOS-movie-detail.png 
  16. [L1429] 301 https://github.com/vanyaland/Popular-Movies/blob/master/res/iOS-movies-list.png  → https://github.com/ivan-magda/Popular-Movies/blob/master/res/iOS-movies-list.png 
&gt; Dupes 
  None ✓</Chunk>
  </Example>
  <Example>
    <Log>Objective-C/dkhamsing@open-source-ios-apps/failed/562461418.log</Log>
    <Keywords>Issues :-(, , </Keywords>
    <Category>0</Category>
    <Chunk>&gt; Links 
  1. [L0239] 522 http://www.wtfgamersonly.com/wp-content/uploads/2014/08/gba4ios.jpg  
  2. [L1581] 404 https://github.com/mssun/passforios/raw/master/img/preview.gif  
&gt; Dupes 
  None ✓</Chunk>
  </Example>
  <Example>
    <Log>Objective-C/dkhamsing@open-source-ios-apps/failed/562461458.log</Log>
    <Keywords>Issues :-(, , </Keywords>
    <Category>0</Category>
    <Chunk>&gt; Links 
  1. [L0239] 522 http://www.wtfgamersonly.com/wp-content/uploads/2014/08/gba4ios.jpg  
  2. [L1581] 404 https://github.com/mssun/passforios/raw/master/img/preview.gif  
&gt; Dupes 
  None ✓</Chunk>
  </Example>
  <Example>
    <Log>Objective-C/dkhamsing@open-source-ios-apps/failed/562475166.log</Log>
    <Keywords>Issues :-(, , </Keywords>
    <Category>0</Category>
    <Chunk>&gt; Links 
  01. [L0191] 301 https://github.com/vanyaland/ToThePenny  → https://github.com/ivan-magda/ToThePenny 
  02. [L0239] 522 http://www.wtfgamersonly.com/wp-content/uploads/2014/08/gba4ios.jpg  
  03. [L1170] 301 https://github.com/vanyaland/Tagger  → https://github.com/ivan-magda/Tagger 
  04. [L1171] 301 https://github.com/vanyaland/Tagger/raw/master/Screenshots/main.png  → https://github.com/ivan-magda/Tagger/raw/master/Screenshots/main.png 
  05. [L1229] 301 https://github.com/vanyaland/UpcomingMovies  → https://github.com/ivan-magda/UpcomingMovies 
  06. [L1230] 301 https://github.com/vanyaland/UpcomingMovies/raw/master/Screenshots/movies.png  → https://github.com/ivan-magda/UpcomingMovies/raw/master/Screenshots/movies.png 
  07. [L1268] 301 https://github.com/vanyaland/Californication  → https://github.com/ivan-magda/Californication 
  08. [L1269] 301 https://github.com/vanyaland/Californication/raw/master/screenshot.png  → https://github.com/ivan-magda/Californication/raw/master/screenshot.png 
  09. [L1299] 301 https://github.com/vanyaland/MVVM-Example  → https://github.com/ivan-magda/MVVM-Example 
  10. [L1300] 301 https://github.com/vanyaland/MVVM-Example/blob/master/resources/images/mvvm-generic-apps-list.png  → https://github.com/ivan-magda/MVVM-Example/blob/master/resources/images/mvvm-generic-apps-list.png 
  11. [L1301] 301 https://github.com/vanyaland/MVVM-Example/blob/master/resources/images/mvvm-generic-detail.png  → https://github.com/ivan-magda/MVVM-Example/blob/master/resources/images/mvvm-generic-detail.png 
  12. [L1302] 301 https://github.com/vanyaland/MVVM-Example/blob/master/resources/images/mvvm-example-minion.png  → https://github.com/ivan-magda/MVVM-Example/blob/master/resources/images/mvvm-example-minion.png 
  13. [L1360] 301 https://github.com/vanyaland/News  → https://github.com/ivan-magda/News 
  14. [L1427] 301 https://github.com/vanyaland/Popular-Movies  → https://github.com/ivan-magda/Popular-Movies 
  15. [L1428] 301 https://github.com/vanyaland/Popular-Movies/blob/master/res/iOS-movie-detail.png  → https://github.com/ivan-magda/Popular-Movies/blob/master/res/iOS-movie-detail.png 
  16. [L1429] 301 https://github.com/vanyaland/Popular-Movies/blob/master/res/iOS-movies-list.png  → https://github.com/ivan-magda/Popular-Movies/blob/master/res/iOS-movies-list.png 
&gt; Dupes 
  None ✓</Chunk>
  </Example>
  <Example>
    <Log>Objective-C/dkhamsing@open-source-ios-apps/failed/562475335.log</Log>
    <Keywords>Issues :-(, , </Keywords>
    <Category>0</Category>
    <Chunk>&gt; Links 
  1. [L0239] 522 http://www.wtfgamersonly.com/wp-content/uploads/2014/08/gba4ios.jpg  
&gt; Dupes 
  None ✓</Chunk>
  </Example>
</Examples>
