<?xml version="1.0" encoding="UTF-8"?>
<Examples>
  <Example>
    <Log>Objective-C/ReactiveCocoa@ReactiveCocoa/failed/522129648.log</Log>
    <Keywords>failure, , </Keywords>
    <Category>0</Category>
    <Chunk>ReactiveMapKitTests.MKMapViewSpec

  should_accept_changes_from_bindings_to_its_rotate_enabled_state, [31mexpected to eventually be nil, got MKMapView: 0x7fc249872c00; frame = (0 0; 0 0); clipsToBounds = YES; layer = CALayer: 0x7fc2497f12e0&gt;&gt;&gt;[0m

  [36m/Users/travis/build/ReactiveCocoa/ReactiveCocoa/ReactiveMapKitTests/MKMapViewSpec.swift:30[0m

  ```

[38;5;230m			[39m[38;5;67;04m// since it takes time to release MKMapView[39;00m[38;5;230m

[38;5;230m			[39m[38;5;153mexpect[39m[38;5;87m([39m[38;5;230m_mapView[39m[38;5;87m)[39m[38;5;87m.[39m[38;5;153mtoEventually[39m[38;5;87m([39m[38;5;153mbeNil[39m[38;5;87m())[39m[38;5;230m

[38;5;230m			[39m[38;5;155;01;04m#endif[39;00m[38;5;230m

[38;5;230m[39m  ```</Chunk>
  </Example>
  <Example>
    <Log>Objective-C/ReactiveCocoa@ReactiveCocoa/failed/522133183.log</Log>
    <Keywords>ERROR, , </Keywords>
    <Category>1</Category>
    <Chunk>-&gt; ReactiveMapKit
[31m -&gt; [0mReactiveMapKit (10.0.0)

    - ERROR | [OSX] unknown: Encountered an unknown error (CocoaPods could not find compatible versions for pod "ReactiveCocoa":

  In Podfile:

    ReactiveMapKit (from `/Users/travis/build/ReactiveCocoa/ReactiveCocoa`) was resolved to 10.0.0, which depends on

      ReactiveCocoa (= 10.0.0)
nl
nl
nl
nlNone of your spec sources contain a spec satisfying the dependency: `ReactiveCocoa (= 10.0.0)`.</Chunk>
  </Example>
  <Example>
    <Log>Objective-C/ReactiveCocoa@ReactiveCocoa/failed/522357694.log</Log>
    <Keywords>failure, , </Keywords>
    <Category>0</Category>
    <Chunk>ReactiveMapKitTests.MKMapViewSpec

  should_accept_changes_from_bindings_to_its_scroll_enabled_state, [31mexpected to eventually be nil, got MKMapView: 0x7fc5ed043600; frame = (0 0; 0 0); clipsToBounds = YES; layer = CALayer: 0x7fc5ee08fa40&gt;&gt;&gt;[0m

  [36m/Users/travis/build/ReactiveCocoa/ReactiveCocoa/ReactiveMapKitTests/MKMapViewSpec.swift:30[0m

  ```

[38;5;230m			[39m[38;5;67;04m// since it takes time to release MKMapView[39;00m[38;5;230m

[38;5;230m			[39m[38;5;153mexpect[39m[38;5;87m([39m[38;5;230m_mapView[39m[38;5;87m)[39m[38;5;87m.[39m[38;5;153mtoEventually[39m[38;5;87m([39m[38;5;153mbeNil[39m[38;5;87m())[39m[38;5;230m

[38;5;230m			[39m[38;5;155;01;04m#endif[39;00m[38;5;230m

[38;5;230m[39m  ```</Chunk>
  </Example>
  <Example>
    <Log>Objective-C/ReactiveCocoa@ReactiveCocoa/failed/525349639.log</Log>
    <Keywords>ERROR, , </Keywords>
    <Category>1</Category>
    <Chunk>-&gt; ReactiveMapKit
[31m -&gt; [0mReactiveMapKit (10.0.0)

    - ERROR | [OSX] unknown: Encountered an unknown error (CocoaPods could not find compatible versions for pod "ReactiveCocoa":

  In Podfile:

    ReactiveMapKit (from `/Users/travis/build/ReactiveCocoa/ReactiveCocoa`) was resolved to 10.0.0, which depends on

      ReactiveCocoa (= 10.0.0)
nl
nl
nl
nlNone of your spec sources contain a spec satisfying the dependency: `ReactiveCocoa (= 10.0.0)`.
nl
nl
nl
nlYou have either:

 * out-of-date source repos which you can update with `pod repo update` or with `pod install --repo-update`.

 * mistyped the name or version.

 * not added the source repo that hosts the Podspec to your Podfile.
nl
nl
nl
nlNote: as of CocoaPods 1.0, `pod repo update` does not happen on `pod install` by default.) during validation.</Chunk>
  </Example>
  <Example>
    <Log>Objective-C/ReactiveCocoa@ReactiveCocoa/failed/530618863.log</Log>
    <Keywords>failure, , </Keywords>
    <Category>0</Category>
    <Chunk>ReactiveMapKitTests.MKMapViewSpec

  should_accept_changes_from_bindings_to_its_pitch_enabled_state, [31mexpected to eventually be nil, got MKMapView: 0x7ff92909cc00; frame = (0 0; 0 0); clipsToBounds = YES; layer = CALayer: 0x7ff929a00610&gt;&gt;&gt;[0m

  [36m/Users/travis/build/ReactiveCocoa/ReactiveCocoa/ReactiveMapKitTests/MKMapViewSpec.swift:30[0m

  ```

[38;5;230m			[39m[38;5;67;04m// since it takes time to release MKMapView[39;00m[38;5;230m

[38;5;230m			[39m[38;5;153mexpect[39m[38;5;87m([39m[38;5;230m_mapView[39m[38;5;87m)[39m[38;5;87m.[39m[38;5;153mtoEventually[39m[38;5;87m([39m[38;5;153mbeNil[39m[38;5;87m())[39m[38;5;230m

[38;5;230m			[39m[38;5;155;01;04m#endif[39;00m[38;5;230m

[38;5;230m[39m  ```
nl
nl
nl
nl  should_accept_changes_from_bindings_to_its_rotate_enabled_state, [31mexpected to eventually be nil, got MKMapView: 0x7ff928866000; frame = (0 0; 0 0); clipsToBounds = YES; layer = CALayer: 0x7ff9287d3a70&gt;&gt;&gt;[0m

  [36m/Users/travis/build/ReactiveCocoa/ReactiveCocoa/ReactiveMapKitTests/MKMapViewSpec.swift:30[0m

  ```

[38;5;230m			[39m[38;5;67;04m// since it takes time to release MKMapView[39;00m[38;5;230m

[38;5;230m			[39m[38;5;153mexpect[39m[38;5;87m([39m[38;5;230m_mapView[39m[38;5;87m)[39m[38;5;87m.[39m[38;5;153mtoEventually[39m[38;5;87m([39m[38;5;153mbeNil[39m[38;5;87m())[39m[38;5;230m

[38;5;230m			[39m[38;5;155;01;04m#endif[39;00m[38;5;230m

[38;5;230m[39m  ```</Chunk>
  </Example>
  <Example>
    <Log>Objective-C/ReactiveCocoa@ReactiveCocoa/failed/546036140.log</Log>
    <Keywords>✗, , </Keywords>
    <Category>2</Category>
    <Chunk>✗[0m NSObject_producer_for____a_reactive_key_value_observer_using_Swift_4_Smart_Key_Path__stress_tests__async_disposal_of_signal_with_in_flight_changes, Test crashed</Chunk>
  </Example>
  <Example>
    <Log>Objective-C/ReactiveCocoa@ReactiveCocoa/failed/551975915.log</Log>
    <Keywords>ERROR, , </Keywords>
    <Category>1</Category>
    <Chunk>-&gt; ReactiveCocoa
[31m -&gt; [0mReactiveCocoa (10.0.0)

    - WARN  | file patterns: The `public_header_files` pattern did not match any file.

    - ERROR | xcodebuild: Returned an unsuccessful exit code. You can use `--verbose` for more information.

    - NOTE  | xcodebuild:  note: Using new build system

    - NOTE  | xcodebuild:  note: Planning build

    - NOTE  | xcodebuild:  note: Constructing build description

    - ERROR | xcodebuild:  /Users/travis/build/ReactiveCocoa/ReactiveCocoa/ReactiveCocoa/NSObject+Association.swift:134:2: error: use of unresolved identifier '_rac_objc_setAssociatedObject'

    - NOTE  | xcodebuild:  ObjectiveC.objc_setAssociatedObject:2:13: note: did you mean 'objc_setAssociatedObject'?

    - NOTE  | xcodebuild:  ObjectiveC.objc_getAssociatedObject:2:13: note: did you mean 'objc_getAssociatedObject'?

    - ERROR | xcodebuild:  /Users/travis/build/ReactiveCocoa/ReactiveCocoa/ReactiveCocoa/NSObject+Intercepting.swift:120:24: error: use of unresolved identifier '_rac_objc_msgForward'; did you mean '_objc_msgForward'?

    - NOTE  | xcodebuild:  ObjectiveC._objc_msgForward:3:13: note: '_objc_msgForward' declared here

    - ERROR | xcodebuild:  /Users/travis/build/ReactiveCocoa/ReactiveCocoa/ReactiveCocoa/NSObject+Intercepting.swift:133:48: error: use of unresolved identifier '_rac_objc_msgForward'; did you mean '_objc_msgForward'?

    - ERROR | xcodebuild:  /Users/travis/build/ReactiveCocoa/ReactiveCocoa/ReactiveCocoa/NSObject+Intercepting.swift:210:52: error: use of unresolved identifier '_rac_objc_msgForward'; did you mean '_objc_msgForward'?

    - ERROR | xcodebuild:  /Users/travis/build/ReactiveCocoa/ReactiveCocoa/ReactiveCocoa/NSObject+Intercepting.swift:220:59: error: use of unresolved identifier '_rac_objc_msgForward'; did you mean '_objc_msgForward'?

    - ERROR | xcodebuild:  /Users/travis/build/ReactiveCocoa/ReactiveCocoa/ReactiveCocoa/NSObject+Intercepting.swift:221:14: error: use of unresolved identifier '_rac_objc_msgForward'; did you mean '_objc_msgForward'?

    - ERROR | xcodebuild:  /Users/travis/build/ReactiveCocoa/ReactiveCocoa/ReactiveCocoa/ObjC+RuntimeSubclassing.swift:40:45: error: use of unresolved identifier '_rac_objc_msgForward'; did you mean '_objc_msgForward'?

    - NOTE  | xcodebuild:  warning: Capabilities for App may not function correctly because its entitlements use a placeholder team ID. To resolve this, select a development team in the build settings editor. (in target 'App')</Chunk>
  </Example>
  <Example>
    <Log>Objective-C/ReactiveCocoa@ReactiveCocoa/failed/567078470.log</Log>
    <Keywords>❌, , </Keywords>
    <Category>3</Category>
    <Chunk>❌  [0m/Users/travis/build/ReactiveCocoa/ReactiveCocoa/ReactiveCocoaTests/CocoaActionSpec.swift:47:19: [31m'value' is inaccessible due to 'internal' protection level[0m
nl
nl
nl
nl                        expect(result?.value) == 1

[36m                                       ^[0m
nl
nl
nl
nl
nl
nl
nl
nl[31m❌  [0m/Users/travis/build/ReactiveCocoa/ReactiveCocoa/ReactiveCocoaTests/CocoaActionSpec.swift:62:19: [31m'value' is inaccessible due to 'internal' protection level[0m
nl
nl
nl
nl                        expect(result?.value) == 1

[36m                                       ^</Chunk>
  </Example>
  <Example>
    <Log>Objective-C/ReactiveCocoa@ReactiveCocoa/failed/567078868.log</Log>
    <Keywords>❌, , </Keywords>
    <Category>3</Category>
    <Chunk>❌  [0m/Users/travis/build/ReactiveCocoa/ReactiveCocoa/ReactiveCocoaTests/CocoaActionSpec.swift:47:19: [31m'value' is inaccessible due to 'internal' protection level[0m
nl
nl
nl
nl                        expect(result?.value) == 1

[36m                                       ^[0m
nl
nl
nl
nl
nl
nl
nl
nl[31m❌  [0m/Users/travis/build/ReactiveCocoa/ReactiveCocoa/ReactiveCocoaTests/CocoaActionSpec.swift:62:19: [31m'value' is inaccessible due to 'internal' protection level[0m
nl
nl
nl
nl                        expect(result?.value) == 1

[36m                                       ^</Chunk>
  </Example>
  <Example>
    <Log>Objective-C/ReactiveCocoa@ReactiveCocoa/failed/567093056.log</Log>
    <Keywords>failure, , </Keywords>
    <Category>0</Category>
    <Chunk>ReactiveMapKitTests.MKMapViewSpec

  should_accept_changes_from_bindings_to_its_scroll_enabled_state, [31mexpected to eventually be nil, got MKMapView: 0x7fb451074800; frame = (0 0; 0 0); clipsToBounds = YES; layer = CALayer: 0x7fb4520c0f00&gt;&gt;&gt;[0m

  [36m/Users/travis/build/ReactiveCocoa/ReactiveCocoa/ReactiveMapKitTests/MKMapViewSpec.swift:30[0m

  ```

[38;5;230m			[39m[38;5;67;04m// since it takes time to release MKMapView[39;00m[38;5;230m

[38;5;230m			[39m[38;5;153mexpect[39m[38;5;87m([39m[38;5;230m_mapView[39m[38;5;87m)[39m[38;5;87m.[39m[38;5;153mtoEventually[39m[38;5;87m([39m[38;5;153mbeNil[39m[38;5;87m())[39m[38;5;230m

[38;5;230m			[39m[38;5;155;01;04m#endif[39;00m[38;5;230m

[38;5;230m[39m  ```</Chunk>
  </Example>
</Examples>
