<?xml version="1.0" encoding="UTF-8"?>
<Examples>
  <Example>
    <Log>Go/avelino@awesome-go/failed/552235410.log</Log>
    <Keywords>FAIL, , </Keywords>
    <Category>0</Category>
    <Chunk>FAIL: TestSeparator (0.03s)
    repo_test.go:75: expected entry to be in form of `* [link] - description.`, got '* [ops](https://github.com/nanovms/ops) - Unikernel Builder/Orchestrator'</Chunk>
  </Example>
  <Example>
    <Log>Go/avelino@awesome-go/failed/553491785.log</Log>
    <Keywords>FAIL, , </Keywords>
    <Category>0</Category>
    <Chunk>FAIL: TestAlpha/Meetups (0.00s)
        repo_test.go:131: expected 'golang auckland, nz' but actual is 'golang baltimore, md'
        repo_test.go:131: expected 'golang baltimore, md' but actual is 'golang bangalore'
        repo_test.go:131: expected 'golang bangalore' but actual is 'golang belo horizonte - brazil'
        repo_test.go:131: expected 'golang belo horizonte - brazil' but actual is 'golang boston'
        repo_test.go:131: expected 'golang boston' but actual is 'golang bulgaria'
        repo_test.go:131: expected 'golang bulgaria' but actual is 'golang cardiff, uk'
        repo_test.go:131: expected 'golang cardiff, uk' but actual is 'golang copenhagen'
        repo_test.go:131: expected 'golang copenhagen' but actual is 'golang dc, arlington, va'
        repo_test.go:131: expected 'golang dc, arlington, va' but actual is 'golang dorset, uk'
        repo_test.go:131: expected 'golang dorset, uk' but actual is 'golang hamburg - germany'
        repo_test.go:131: expected 'golang hamburg - germany' but actual is 'golang israel'
        repo_test.go:131: expected 'golang israel' but actual is 'golang joinville - brazil'
        repo_test.go:131: expected 'golang joinville - brazil' but actual is 'golang korea'
        repo_test.go:131: expected 'golang korea' but actual is 'golang lima - peru'
        repo_test.go:131: expected 'golang lima - peru' but actual is 'golang lyon'
        repo_test.go:131: expected 'golang lyon' but actual is 'golang marseille'
        repo_test.go:131: expected 'golang marseille' but actual is 'golang melbourne'
        repo_test.go:131: expected 'golang melbourne' but actual is 'golang mountain view'
        repo_test.go:131: expected 'golang mountain view' but actual is 'golang new york'
        repo_test.go:131: expected 'golang new york' but actual is 'golang paris'
        repo_test.go:131: expected 'golang paris' but actual is 'golang pune'
        repo_test.go:131: expected 'golang pune' but actual is 'golang singapore'
        repo_test.go:131: expected 'golang singapore' but actual is 'golang stockholm'
        repo_test.go:131: expected 'golang stockholm' but actual is 'golang sydney, au'
        repo_test.go:131: expected 'golang sydney, au' but actual is 'golang são paulo - brazil'
        repo_test.go:131: expected 'golang são paulo - brazil' but actual is 'golang taipei'
        repo_test.go:131: expected 'golang taipei' but actual is 'golang vancouver, bc'
        repo_test.go:131: expected 'golang vancouver, bc' but actual is 'golang казань'
        repo_test.go:131: expected 'golang казань' but actual is 'golang москва'
        repo_test.go:131: expected 'golang москва' but actual is 'golang питер'
        repo_test.go:131: expected 'golang питер' but actual is 'gosf - san francisco, ca'
        repo_test.go:131: expected 'gosf - san francisco, ca' but actual is 'istanbul golang'
        repo_test.go:131: expected 'istanbul golang' but actual is 'seattle go programmers'
        repo_test.go:131: expected 'seattle go programmers' but actual is 'ukrainian golang user groups'
        repo_test.go:131: expected 'ukrainian golang user groups' but actual is 'utah go user group'
        repo_test.go:131: expected 'utah go user group' but actual is 'women who go - san francisco, ca'
        repo_test.go:131: expected 'women who go - san francisco, ca' but actual is 'golang auckland, nz'
        repo_test.go:135: expected order is:
            basel go meetup
            brisbane gophers
            canberra gophers
            go language nyc
            go london user group
            go toronto
            go user group atlanta
            gobridge, san francisco, ca
            gojakarta
            golang amsterdam
            golang argentina
            golang auckland, nz
            golang baltimore, md
            golang bangalore
            golang belo horizonte - brazil
            golang boston
            golang bulgaria
            golang cardiff, uk
            golang copenhagen
            golang dc, arlington, va
            golang dorset, uk
            golang hamburg - germany
            golang israel
            golang joinville - brazil
            golang korea
            golang lima - peru
            golang lyon
            golang marseille
            golang melbourne
            golang mountain view
            golang new york
            golang paris
            golang pune
            golang singapore
            golang stockholm
            golang sydney, au
            golang são paulo - brazil
            golang taipei
            golang vancouver, bc
            golang казань
            golang москва
            golang питер
            gosf - san francisco, ca
            istanbul golang
            seattle go programmers
            ukrainian golang user groups
            utah go user group
            women who go - san francisco, ca</Chunk>
  </Example>
  <Example>
    <Log>Go/avelino@awesome-go/failed/554941726.log</Log>
    <Keywords>FAIL, , </Keywords>
    <Category>0</Category>
    <Chunk>FAIL: TestSeparator (0.03s)
    repo_test.go:75: expected entry to be in form of `* [link] - description.`, got '* [gohive](https://github.com/loveleshsharma/gohive) - A High-Performance and easy to use goroutine pool for Go'</Chunk>
  </Example>
  <Example>
    <Log>Go/avelino@awesome-go/failed/556378971.log</Log>
    <Keywords>FAIL, , </Keywords>
    <Category>0</Category>
    <Chunk>FAIL: TestSeparator (0.04s)
    repo_test.go:75: expected entry to be in form of `* [link] - description.`, got '* [pletter](https://github.com/vimeda/pletter) - A standard way to wrap a proto message for message brokers'</Chunk>
  </Example>
  <Example>
    <Log>Go/avelino@awesome-go/failed/556757260.log</Log>
    <Keywords>FAIL, , </Keywords>
    <Category>0</Category>
    <Chunk>FAIL: TestSeparator (0.04s)
    repo_test.go:75: expected entry to be in form of `* [link] - description.`, got '* [Learning Golang - From zero to hero](https://milapneupane.com.np/2019/07/06/learning-golang-from-zero-to-hero/) - Getting started with golang for beginner'</Chunk>
  </Example>
  <Example>
    <Log>Go/avelino@awesome-go/failed/560328897.log</Log>
    <Keywords>FAIL, , </Keywords>
    <Category>0</Category>
    <Chunk>FAIL: TestAlpha/Libraries_for_developing_GraphQL_servers_in_Go. (0.00s)
        repo_test.go:131: expected 'gqlgen' but actual is 'graphql-go'
        repo_test.go:131: expected 'graphql-go' but actual is 'gqlgen'
        repo_test.go:135: expected order is:
            appointy/jaal
            gqlgen
            graph-gophers/graphql-go
            graphql-go
            graphql-relay-go
            machinebox/graphql
            samsarahq/thunder</Chunk>
  </Example>
  <Example>
    <Log>Go/avelino@awesome-go/failed/560330322.log</Log>
    <Keywords>FAIL, , </Keywords>
    <Category>0</Category>
    <Chunk>FAIL: TestAlpha/Libraries_for_developing_GraphQL_servers_in_Go. (0.00s)
        repo_test.go:131: expected 'gqlgen' but actual is 'graphql-go'
        repo_test.go:131: expected 'graphql-go' but actual is 'gqlgen'
        repo_test.go:135: expected order is:
            appointy/jaal
            gqlgen
            graph-gophers/graphql-go
            graphql-go
            graphql-relay-go
            machinebox/graphql
            samsarahq/thunder</Chunk>
  </Example>
  <Example>
    <Log>Go/avelino@awesome-go/failed/566068072.log</Log>
    <Keywords>FAIL, , </Keywords>
    <Category>0</Category>
    <Chunk>FAIL: TestAlpha/Testing_Frameworks (0.00s)
        repo_test.go:131: expected 'go-carpet' but actual is 'gobdd'
        repo_test.go:131: expected 'go-cmp' but actual is 'go-carpet'
        repo_test.go:131: expected 'go-mutesting' but actual is 'go-cmp'
        repo_test.go:131: expected 'go-testdeep' but actual is 'go-mutesting'
        repo_test.go:131: expected 'go-vcr' but actual is 'go-testdeep'
        repo_test.go:131: expected 'gobdd' but actual is 'go-vcr'
        repo_test.go:135: expected order is:
            assert
            badio
            baloo
            biff
            bro
            charlatan
            commander
            cupaloy
            dbcleaner
            dsunit
            endly
            flute
            frisby
            ginkgo
            go-carpet
            go-cmp
            go-mutesting
            go-testdeep
            go-vcr
            gobdd
            goblin
            gocheck
            goconvey
            gocrest
            godog
            gofight
            gogiven
            gomatch
            gomega
            gospec
            gospecify
            gosuite
            gotest.tools
            hamcrest
            httpexpect
            jsonassert
            restit
            testcase
            testfixtures
            testify
            testmd
            testsql
            tt
            wstest</Chunk>
  </Example>
  <Example>
    <Log>Go/avelino@awesome-go/failed/566530398.log</Log>
    <Keywords>FAIL, , </Keywords>
    <Category>0</Category>
    <Chunk>FAIL: TestSeparator (0.03s)
    repo_test.go:75: expected entry to be in form of `* [link] - description.`, got '* [sessionup](https://github.com/swithek/sessionup) - Simple, yet effective HTTP session management and identification package'</Chunk>
  </Example>
  <Example>
    <Log>Go/avelino@awesome-go/failed/567188064.log</Log>
    <Keywords>FAIL, , </Keywords>
    <Category>0</Category>
    <Chunk>FAIL: TestSeparator (0.03s)
    repo_test.go:75: expected entry to be in form of `* [link] - description.`, got '* [ghorg](https://github.com/gabrie30/ghorg) - Quickly clone an entire org/users repositories into one directory (GitHub, GitLab, or Bitbucket)'</Chunk>
  </Example>
</Examples>
