<?xml version="1.0" encoding="UTF-8"?>
<Examples>
  <Example>
    <Log>Go/getlantern@lantern/failed/519285064.log</Log>
    <Keywords>FAIL, Error, </Keywords>
    <Category>0</Category>
    <Chunk>FAIL: TestParallelPreferChained (2.62s)
	&lt;autogenerated&gt;:31: 
                        
	Error Trace:	proxied_test.go:126
		
			proxied_test.go:78
		
	Error:		Should be true
		
	Messages:	Unexpected response 
		

	&lt;autogenerated&gt;:31: 
                        
	Error Trace:	proxied_test.go:142
		
			proxied_test.go:78
		
	Error:		Should be true
		
	Messages:	Unexpected response 
		

	&lt;autogenerated&gt;:31: 
                        
	Error Trace:	proxied_test.go:158
		
			proxied_test.go:78
		
	Error:		Should be true
		
	Messages:	Unexpected response {"City":{"GeoNameID":5101879,"Names":{"en":"North Bergen"}},"Continent":{"Code":"NA","GeoNameID":6255149,"Names":{"de":"Nordamerika","en":"North America","es":"Norteamérica","fr":"Amérique du Nord","ja":"北アメリカ","pt-BR":"América do Norte","ru":"Северная Америка","zh-CN":"北美洲"}},"Country":{"GeoNameID":6252001,"IsoCode":"US","Names":{"de":"USA","en":"United States","es":"Estados Unidos","fr":"États-Unis","ja":"アメリカ合衆国","pt-BR":"Estados Unidos","ru":"США","zh-CN":"美国"}},"Location":{"Latitude":40.793,"Longitude":-74.0247,"MetroCode":501,"TimeZone":"America/New_York"},"Postal":{"Code":"07047"},"RegisteredCountry":{"GeoNameID":6252001,"IsoCode":"US","Names":{"de":"USA","en":"United States","es":"Estados Unidos","fr":"États-Unis","ja":"アメリカ合衆国","pt-BR":"Estados Unidos","ru":"США","zh-CN":"美国"}},"RepresentedCountry":{"GeoNameID":0,"IsoCode":"","Names":null,"Type":""},"Subdivisions":[{"GeoNameID":5101760,"IsoCode":"NJ","Names":{"en":"New Jersey","es":"Nueva Jersey","fr":"New Jersey","ja":"ニュージャージー州","pt-BR":"Nova Jérsia","ru":"Нью-Джерси","zh-CN":"新泽西州"}}],"Traits":{"IsAnonymousProxy":false,"IsSatelliteProvider":false}}</Chunk>
  </Example>
  <Example>
    <Log>Go/getlantern@lantern/failed/523736302.log</Log>
    <Keywords>fatal, warning, Failed</Keywords>
    <Category>1</Category>
    <Chunk>git clone --depth=50 --branch=myleshorton-readme https://github.com/getlantern/lantern.git getlantern/lantern
Cloning into 'getlantern/lantern'...
warning: Could not find remote branch myleshorton-readme to clone.
fatal: Remote branch myleshorton-readme not found in upstream origin

[31;1mThe command "eval git clone --depth=50 --branch=myleshorton-readme https://github.com/getlantern/lantern.git getlantern/lantern " failed. Retrying, 2 of 3.[0m

Cloning into 'getlantern/lantern'...
warning: Could not find remote branch myleshorton-readme to clone.
fatal: Remote branch myleshorton-readme not found in upstream origin

[31;1mThe command "eval git clone --depth=50 --branch=myleshorton-readme https://github.com/getlantern/lantern.git getlantern/lantern " failed. Retrying, 3 of 3.[0m

Cloning into 'getlantern/lantern'...
warning: Could not find remote branch myleshorton-readme to clone.
fatal: Remote branch myleshorton-readme not found in upstream origin

[31;1mThe command "eval git clone --depth=50 --branch=myleshorton-readme https://github.com/getlantern/lantern.git getlantern/lantern " failed 3 times.</Chunk>
  </Example>
  <Example>
    <Log>Go/getlantern@lantern/failed/523736319.log</Log>
    <Keywords>FAIL, Error, </Keywords>
    <Category>0</Category>
    <Chunk>FAIL: TestParallelPreferChained (2.74s)
	autogenerated&gt;:31: 
                        
	Error Trace:	proxied_test.go:126
		
			proxied_test.go:78
		
	Error:		Should be true
		
	Messages:	Unexpected response 
		

	autogenerated&gt;:31: 
                        
	Error Trace:	proxied_test.go:142
		
			proxied_test.go:78
		
	Error:		Should be true
		
	Messages:	Unexpected response 
		

	autogenerated&gt;:31: 
                        
	Error Trace:	proxied_test.go:158
		
			proxied_test.go:78
		
	Error:		Should be true
		
	Messages:	Unexpected response {"City":{"GeoNameID":5101879,"Names":{"en":"North Bergen"}},"Continent":{"Code":"NA","GeoNameID":6255149,"Names":{"de":"Nordamerika","en":"North America","es":"Norteamérica","fr":"Amérique du Nord","ja":"北アメリカ","pt-BR":"América do Norte","ru":"Северная Америка","zh-CN":"北美洲"}},"Country":{"GeoNameID":6252001,"IsoCode":"US","Names":{"de":"USA","en":"United States","es":"Estados Unidos","fr":"États-Unis","ja":"アメリカ合衆国","pt-BR":"Estados Unidos","ru":"США","zh-CN":"美国"}},"Location":{"Latitude":40.793,"Longitude":-74.0247,"MetroCode":501,"TimeZone":"America/New_York"},"Postal":{"Code":"07047"},"RegisteredCountry":{"GeoNameID":6252001,"IsoCode":"US","Names":{"de":"USA","en":"United States","es":"Estados Unidos","fr":"États-Unis","ja":"アメリカ合衆国","pt-BR":"Estados Unidos","ru":"США","zh-CN":"美国"}},"RepresentedCountry":{"GeoNameID":0,"IsoCode":"","Names":null,"Type":""},"Subdivisions":[{"GeoNameID":5101760,"IsoCode":"NJ","Names":{"en":"New Jersey","es":"Nueva Jersey","fr":"New Jersey","ja":"ニュージャージー州","pt-BR":"Nova Jérsia","ru":"Нью-Джерси","zh-CN":"新泽西州"}}],"Traits":{"IsAnonymousProxy":false,"IsSatelliteProvider":false}}</Chunk>
  </Example>
  <Example>
    <Log>Go/getlantern@lantern/failed/525179932.log</Log>
    <Keywords>FAIL, Error, </Keywords>
    <Category>0</Category>
    <Chunk>FAIL: TestParallelPreferChained (2.67s)
	autogenerated&gt;:31: 
                        
	Error Trace:	proxied_test.go:126
		
			proxied_test.go:78
		
	Error:		Should be true
		
	Messages:	Unexpected response 
		

	autogenerated&gt;:31: 
                        
	Error Trace:	proxied_test.go:142
		
			proxied_test.go:78
		
	Error:		Should be true
		
	Messages:	Unexpected response 
		

	autogenerated&gt;:31: 
                        
	Error Trace:	proxied_test.go:158
		
			proxied_test.go:78
		
	Error:		Should be true
		
	Messages:	Unexpected response {"City":{"GeoNameID":5101879,"Names":{"en":"North Bergen"}},"Continent":{"Code":"NA","GeoNameID":6255149,"Names":{"de":"Nordamerika","en":"North America","es":"Norteamérica","fr":"Amérique du Nord","ja":"北アメリカ","pt-BR":"América do Norte","ru":"Северная Америка","zh-CN":"北美洲"}},"Country":{"GeoNameID":6252001,"IsoCode":"US","Names":{"de":"USA","en":"United States","es":"Estados Unidos","fr":"États-Unis","ja":"アメリカ合衆国","pt-BR":"Estados Unidos","ru":"США","zh-CN":"美国"}},"Location":{"Latitude":40.793,"Longitude":-74.0247,"MetroCode":501,"TimeZone":"America/New_York"},"Postal":{"Code":"07047"},"RegisteredCountry":{"GeoNameID":6252001,"IsoCode":"US","Names":{"de":"USA","en":"United States","es":"Estados Unidos","fr":"États-Unis","ja":"アメリカ合衆国","pt-BR":"Estados Unidos","ru":"США","zh-CN":"美国"}},"RepresentedCountry":{"GeoNameID":0,"IsoCode":"","Names":null,"Type":""},"Subdivisions":[{"GeoNameID":5101760,"IsoCode":"NJ","Names":{"en":"New Jersey","es":"Nueva Jersey","fr":"New Jersey","ja":"ニュージャージー州","pt-BR":"Nova Jérsia","ru":"Нью-Джерси","zh-CN":"新泽西州"}}],"Traits":{"IsAnonymousProxy":false,"IsSatelliteProvider":false}}</Chunk>
  </Example>
  <Example>
    <Log>Go/getlantern@lantern/failed/525801901.log</Log>
    <Keywords>FAIL, Error, </Keywords>
    <Category>0</Category>
    <Chunk>FAIL: TestParallelPreferChained (2.60s)
	autogenerated&gt;:31: 
                        
	Error Trace:	proxied_test.go:126
		
			proxied_test.go:78
		
	Error:		Should be true
		
	Messages:	Unexpected response 
		

	autogenerated&gt;:31: 
                        
	Error Trace:	proxied_test.go:142
		
			proxied_test.go:78
		
	Error:		Should be true
		
	Messages:	Unexpected response 
		

	autogenerated&gt;:31: 
                        
	Error Trace:	proxied_test.go:158
		
			proxied_test.go:78
		
	Error:		Should be true
		
	Messages:	Unexpected response {"City":{"GeoNameID":5101879,"Names":{"en":"North Bergen"}},"Continent":{"Code":"NA","GeoNameID":6255149,"Names":{"de":"Nordamerika","en":"North America","es":"Norteamérica","fr":"Amérique du Nord","ja":"北アメリカ","pt-BR":"América do Norte","ru":"Северная Америка","zh-CN":"北美洲"}},"Country":{"GeoNameID":6252001,"IsoCode":"US","Names":{"de":"USA","en":"United States","es":"Estados Unidos","fr":"États-Unis","ja":"アメリカ合衆国","pt-BR":"Estados Unidos","ru":"США","zh-CN":"美国"}},"Location":{"Latitude":40.793,"Longitude":-74.0247,"MetroCode":501,"TimeZone":"America/New_York"},"Postal":{"Code":"07047"},"RegisteredCountry":{"GeoNameID":6252001,"IsoCode":"US","Names":{"de":"USA","en":"United States","es":"Estados Unidos","fr":"États-Unis","ja":"アメリカ合衆国","pt-BR":"Estados Unidos","ru":"США","zh-CN":"美国"}},"RepresentedCountry":{"GeoNameID":0,"IsoCode":"","Names":null,"Type":""},"Subdivisions":[{"GeoNameID":5101760,"IsoCode":"NJ","Names":{"en":"New Jersey","es":"Nueva Jersey","fr":"New Jersey","ja":"ニュージャージー州","pt-BR":"Nova Jérsia","ru":"Нью-Джерси","zh-CN":"新泽西州"}}],"Traits":{"IsAnonymousProxy":false,"IsSatelliteProvider":false}}</Chunk>
  </Example>
  <Example>
    <Log>Go/getlantern@lantern/failed/533946484.log</Log>
    <Keywords>FAIL, Error, </Keywords>
    <Category>0</Category>
    <Chunk>FAIL: TestParallelPreferChained (2.72s)
	autogenerated&gt;:31: 
                        
	Error Trace:	proxied_test.go:126
		
			proxied_test.go:78
		
	Error:		Should be true
		
	Messages:	Unexpected response 
		

	autogenerated&gt;:31: 
                        
	Error Trace:	proxied_test.go:142
		
			proxied_test.go:78
		
	Error:		Should be true
		
	Messages:	Unexpected response 
		

	autogenerated&gt;:31: 
                        
	Error Trace:	proxied_test.go:158
		
			proxied_test.go:78
		
	Error:		Should be true
		
	Messages:	Unexpected response {"City":{"GeoNameID":5101879,"Names":{"en":"North Bergen"}},"Continent":{"Code":"NA","GeoNameID":6255149,"Names":{"de":"Nordamerika","en":"North America","es":"Norteamérica","fr":"Amérique du Nord","ja":"北アメリカ","pt-BR":"América do Norte","ru":"Северная Америка","zh-CN":"北美洲"}},"Country":{"GeoNameID":6252001,"IsoCode":"US","Names":{"de":"USA","en":"United States","es":"Estados Unidos","fr":"États-Unis","ja":"アメリカ合衆国","pt-BR":"Estados Unidos","ru":"США","zh-CN":"美国"}},"Location":{"Latitude":40.793,"Longitude":-74.0247,"MetroCode":501,"TimeZone":"America/New_York"},"Postal":{"Code":"07047"},"RegisteredCountry":{"GeoNameID":6252001,"IsoCode":"US","Names":{"de":"USA","en":"United States","es":"Estados Unidos","fr":"États-Unis","ja":"アメリカ合衆国","pt-BR":"Estados Unidos","ru":"США","zh-CN":"美国"}},"RepresentedCountry":{"GeoNameID":0,"IsoCode":"","Names":null,"Type":""},"Subdivisions":[{"GeoNameID":5101760,"IsoCode":"NJ","Names":{"en":"New Jersey","es":"Nueva Jersey","fr":"New Jersey","ja":"ニュージャージー州","pt-BR":"Nova Jérsia","ru":"Нью-Джерси","zh-CN":"新泽西州"}}],"Traits":{"IsAnonymousProxy":false,"IsSatelliteProvider":false}}</Chunk>
  </Example>
  <Example>
    <Log>Go/getlantern@lantern/failed/540998534.log</Log>
    <Keywords>FAIL, Error, </Keywords>
    <Category>0</Category>
    <Chunk>FAIL: TestParallelPreferChained (2.69s)
	autogenerated&gt;:31: 
                        
	Error Trace:	proxied_test.go:126
		
			proxied_test.go:78
		
	Error:		Should be true
		
	Messages:	Unexpected response 
		

	autogenerated&gt;:31: 
                        
	Error Trace:	proxied_test.go:142
		
			proxied_test.go:78
		
	Error:		Should be true
		
	Messages:	Unexpected response 
		

	autogenerated&gt;:31: 
                        
	Error Trace:	proxied_test.go:158
		
			proxied_test.go:78
		
	Error:		Should be true
		
	Messages:	Unexpected response {"City":{"GeoNameID":5101879,"Names":{"en":"North Bergen"}},"Continent":{"Code":"NA","GeoNameID":6255149,"Names":{"de":"Nordamerika","en":"North America","es":"Norteamérica","fr":"Amérique du Nord","ja":"北アメリカ","pt-BR":"América do Norte","ru":"Северная Америка","zh-CN":"北美洲"}},"Country":{"GeoNameID":6252001,"IsoCode":"US","Names":{"de":"USA","en":"United States","es":"Estados Unidos","fr":"États-Unis","ja":"アメリカ合衆国","pt-BR":"Estados Unidos","ru":"США","zh-CN":"美国"}},"Location":{"Latitude":40.793,"Longitude":-74.0247,"MetroCode":501,"TimeZone":"America/New_York"},"Postal":{"Code":"07047"},"RegisteredCountry":{"GeoNameID":6252001,"IsoCode":"US","Names":{"de":"USA","en":"United States","es":"Estados Unidos","fr":"États-Unis","ja":"アメリカ合衆国","pt-BR":"Estados Unidos","ru":"США","zh-CN":"美国"}},"RepresentedCountry":{"GeoNameID":0,"IsoCode":"","Names":null,"Type":""},"Subdivisions":[{"GeoNameID":5101760,"IsoCode":"NJ","Names":{"en":"New Jersey","es":"Nueva Jersey","fr":"New Jersey","ja":"ニュージャージー州","pt-BR":"Nova Jérsia","ru":"Нью-Джерси","zh-CN":"新泽西州"}}],"Traits":{"IsAnonymousProxy":false,"IsSatelliteProvider":false}}</Chunk>
  </Example>
  <Example>
    <Log>Go/getlantern@lantern/failed/545341186.log</Log>
    <Keywords>FAIL, Error, </Keywords>
    <Category>0</Category>
    <Chunk>FAIL: TestParallelPreferChained (2.46s)
	autogenerated&gt;:31: 
                        
	Error Trace:	proxied_test.go:126
		
			proxied_test.go:78
		
	Error:		Should be true
		
	Messages:	Unexpected response 
		

	autogenerated&gt;:31: 
                        
	Error Trace:	proxied_test.go:142
		
			proxied_test.go:78
		
	Error:		Should be true
		
	Messages:	Unexpected response 
		

	autogenerated&gt;:31: 
                        
	Error Trace:	proxied_test.go:158
		
			proxied_test.go:78
		
	Error:		Should be true
		
	Messages:	Unexpected response {"City":{"GeoNameID":5101879,"Names":{"en":"North Bergen"}},"Continent":{"Code":"NA","GeoNameID":6255149,"Names":{"de":"Nordamerika","en":"North America","es":"Norteamérica","fr":"Amérique du Nord","ja":"北アメリカ","pt-BR":"América do Norte","ru":"Северная Америка","zh-CN":"北美洲"}},"Country":{"GeoNameID":6252001,"IsoCode":"US","Names":{"de":"USA","en":"United States","es":"Estados Unidos","fr":"États-Unis","ja":"アメリカ合衆国","pt-BR":"Estados Unidos","ru":"США","zh-CN":"美国"}},"Location":{"Latitude":40.793,"Longitude":-74.0247,"MetroCode":501,"TimeZone":"America/New_York"},"Postal":{"Code":"07047"},"RegisteredCountry":{"GeoNameID":6252001,"IsoCode":"US","Names":{"de":"USA","en":"United States","es":"Estados Unidos","fr":"États-Unis","ja":"アメリカ合衆国","pt-BR":"Estados Unidos","ru":"США","zh-CN":"美国"}},"RepresentedCountry":{"GeoNameID":0,"IsoCode":"","Names":null,"Type":""},"Subdivisions":[{"GeoNameID":5101760,"IsoCode":"NJ","Names":{"en":"New Jersey","es":"Nueva Jersey","fr":"New Jersey","ja":"ニュージャージー州","pt-BR":"Nova Jérsia","ru":"Нью-Джерси","zh-CN":"新泽西州"}}],"Traits":{"IsAnonymousProxy":false,"IsSatelliteProvider":false}}</Chunk>
  </Example>
  <Example>
    <Log>Go/getlantern@lantern/failed/547502360.log</Log>
    <Keywords>FAIL, failed, </Keywords>
    <Category>2</Category>
    <Chunk>src/github.com/getlantern/appdir/appdir_test.go:4: log redeclared as imported package name
	previous declaration at $WORK/github.com/getlantern/appdir/_test/_obj_test/appdir.go:16
FAIL	github.com/getlantern/appdir [build failed]</Chunk>
  </Example>
  <Example>
    <Log>Go/getlantern@lantern/failed/548427808.log</Log>
    <Keywords>FAIL, Error, </Keywords>
    <Category>0</Category>
    <Chunk>FAIL: TestParallelPreferChained (2.62s)
	autogenerated&gt;:31: 
                        
	Error Trace:	proxied_test.go:126
		
			proxied_test.go:78
		
	Error:		Should be true
		
	Messages:	Unexpected response 
		

	autogenerated&gt;:31: 
                        
	Error Trace:	proxied_test.go:142
		
			proxied_test.go:78
		
	Error:		Should be true
		
	Messages:	Unexpected response 
		

	autogenerated&gt;:31: 
                        
	Error Trace:	proxied_test.go:158
		
			proxied_test.go:78
		
	Error:		Should be true
		
	Messages:	Unexpected response {"City":{"GeoNameID":5101879,"Names":{"en":"North Bergen"}},"Continent":{"Code":"NA","GeoNameID":6255149,"Names":{"de":"Nordamerika","en":"North America","es":"Norteamérica","fr":"Amérique du Nord","ja":"北アメリカ","pt-BR":"América do Norte","ru":"Северная Америка","zh-CN":"北美洲"}},"Country":{"GeoNameID":6252001,"IsoCode":"US","Names":{"de":"USA","en":"United States","es":"Estados Unidos","fr":"États-Unis","ja":"アメリカ合衆国","pt-BR":"Estados Unidos","ru":"США","zh-CN":"美国"}},"Location":{"Latitude":40.793,"Longitude":-74.0247,"MetroCode":501,"TimeZone":"America/New_York"},"Postal":{"Code":"07047"},"RegisteredCountry":{"GeoNameID":6252001,"IsoCode":"US","Names":{"de":"USA","en":"United States","es":"Estados Unidos","fr":"États-Unis","ja":"アメリカ合衆国","pt-BR":"Estados Unidos","ru":"США","zh-CN":"美国"}},"RepresentedCountry":{"GeoNameID":0,"IsoCode":"","Names":null,"Type":""},"Subdivisions":[{"GeoNameID":5101760,"IsoCode":"NJ","Names":{"en":"New Jersey","es":"Nueva Jersey","fr":"New Jersey","ja":"ニュージャージー州","pt-BR":"Nova Jérsia","ru":"Нью-Джерси","zh-CN":"新泽西州"}}],"Traits":{"IsAnonymousProxy":false,"IsSatelliteProvider":false}}</Chunk>
  </Example>
</Examples>
