<?xml version="1.0" encoding="UTF-8"?>
<Examples>
  <Example>
    <Log>Swift/Alamofire@Alamofire/failed/552510229.log</Log>
    <Keywords>failures, failed, error</Keywords>
    <Category>0</Category>
    <Chunk>Alamofire_iOS_Tests.SessionTestCase

  testThatDataRequestWithInvalidURLStringThrowsResponseHandlerError, [31mXCTAssertTrue failed[0m

  [36m/Users/travis/build/Alamofire/Alamofire/Tests/SessionTests.swift:550[0m

  ```

[38;5;230m        [39m[38;5;221;01mif[39;00m[38;5;230m [39m[38;5;221;01mlet[39;00m[38;5;230m [39m[38;5;153;01merror[39;00m[38;5;230m [39m[38;5;87m=[39m[38;5;230m [39m[38;5;230mresponse[39m[38;5;87m?[39m[38;5;87m.[39m[38;5;230merror[39m[38;5;87m?[39m[38;5;87m.[39m[38;5;230masAFError[39m[38;5;230m [39m[38;5;87m{[39m[38;5;230m

[38;5;230m            [39m[38;5;155;01mXCTAssertTrue[39;00m[38;5;87m([39m[38;5;230merror[39m[38;5;87m.[39m[38;5;230misInvalidURLError[39m[38;5;87m)[39m[38;5;230m

[38;5;230m            [39m[38;5;155;01mXCTAssertEqual[39;00m[38;5;87m([39m[38;5;230merror[39m[38;5;87m.[39m[38;5;230murlConvertible[39m[38;5;230m [39m[38;5;221;01mas?[39;00m[38;5;230m [39m[38;5;155;01mString[39;00m[38;5;87m,[39m[38;5;230m [39m[38;5;229;01m"https://httpbin.org/get/äëïöü"[39;00m[38;5;87m)[39m[38;5;230m

[38;5;230m[39m  ```
nl
nl
nl
nl  testThatDataRequestWithInvalidURLStringThrowsResponseHandlerError, [31mXCTAssertEqual failed: ("nil") is not equal to ("Optional("https://httpbin.org/get/äëïöü")")[0m

  [36m/Users/travis/build/Alamofire/Alamofire/Tests/SessionTests.swift:551[0m

  ```

[38;5;230m            [39m[38;5;155;01mXCTAssertTrue[39;00m[38;5;87m([39m[38;5;230merror[39m[38;5;87m.[39m[38;5;230misInvalidURLError[39m[38;5;87m)[39m[38;5;230m

[38;5;230m            [39m[38;5;155;01mXCTAssertEqual[39;00m[38;5;87m([39m[38;5;230merror[39m[38;5;87m.[39m[38;5;230murlConvertible[39m[38;5;230m [39m[38;5;221;01mas?[39;00m[38;5;230m [39m[38;5;155;01mString[39;00m[38;5;87m,[39m[38;5;230m [39m[38;5;229;01m"https://httpbin.org/get/äëïöü"[39;00m[38;5;87m)[39m[38;5;230m

[38;5;230m        [39m[38;5;87m}[39m[38;5;230m [39m[38;5;221;01melse[39;00m[38;5;230m [39m[38;5;87m{[39m[38;5;230m

[38;5;230m[39m  ```
nl
nl
nl
nl  testThatUploadFileRequestWithInvalidURLStringThrowsResponseHandlerError, [31mXCTAssertTrue failed[0m

  [36m/Users/travis/build/Alamofire/Alamofire/Tests/SessionTests.swift:638[0m

  ```

[38;5;230m        [39m[38;5;221;01mif[39;00m[38;5;230m [39m[38;5;221;01mlet[39;00m[38;5;230m [39m[38;5;153;01merror[39;00m[38;5;230m [39m[38;5;87m=[39m[38;5;230m [39m[38;5;230mresponse[39m[38;5;87m?[39m[38;5;87m.[39m[38;5;230merror[39m[38;5;87m?[39m[38;5;87m.[39m[38;5;230masAFError[39m[38;5;230m [39m[38;5;87m{[39m[38;5;230m

[38;5;230m            [39m[38;5;155;01mXCTAssertTrue[39;00m[38;5;87m([39m[38;5;230merror[39m[38;5;87m.[39m[38;5;230misInvalidURLError[39m[38;5;87m)[39m[38;5;230m

[38;5;230m            [39m[38;5;155;01mXCTAssertEqual[39;00m[38;5;87m([39m[38;5;230merror[39m[38;5;87m.[39m[38;5;230murlConvertible[39m[38;5;230m [39m[38;5;221;01mas?[39;00m[38;5;230m [39m[38;5;155;01mString[39;00m[38;5;87m,[39m[38;5;230m [39m[38;5;229;01m"https://httpbin.org/get/äëïöü"[39;00m[38;5;87m)[39m[38;5;230m

[38;5;230m[39m  ```
nl
nl
nl
nl  testThatUploadFileRequestWithInvalidURLStringThrowsResponseHandlerError, [31mXCTAssertEqual failed: ("nil") is not equal to ("Optional("https://httpbin.org/get/äëïöü")")[0m

  [36m/Users/travis/build/Alamofire/Alamofire/Tests/SessionTests.swift:639[0m

  ```

[38;5;230m            [39m[38;5;155;01mXCTAssertTrue[39;00m[38;5;87m([39m[38;5;230merror[39m[38;5;87m.[39m[38;5;230misInvalidURLError[39m[38;5;87m)[39m[38;5;230m

[38;5;230m            [39m[38;5;155;01mXCTAssertEqual[39;00m[38;5;87m([39m[38;5;230merror[39m[38;5;87m.[39m[38;5;230murlConvertible[39m[38;5;230m [39m[38;5;221;01mas?[39;00m[38;5;230m [39m[38;5;155;01mString[39;00m[38;5;87m,[39m[38;5;230m [39m[38;5;229;01m"https://httpbin.org/get/äëïöü"[39;00m[38;5;87m)[39m[38;5;230m

[38;5;230m        [39m[38;5;87m}[39m[38;5;230m [39m[38;5;221;01melse[39;00m[38;5;230m [39m[38;5;87m{[39m[38;5;230m

[38;5;230m[39m  ```</Chunk>
  </Example>
  <Example>
    <Log>Swift/Alamofire@Alamofire/failed/553190487.log</Log>
    <Keywords>failures, failed, error</Keywords>
    <Category>0</Category>
    <Chunk>Alamofire_macOS_Tests.SessionTestCase

  testThatDataRequestWithInvalidURLStringThrowsResponseHandlerError, [31mXCTAssertTrue failed[0m

  [36m/Users/travis/build/Alamofire/Alamofire/Tests/SessionTests.swift:550[0m

  ```

[38;5;230m        [39m[38;5;221;01mif[39;00m[38;5;230m [39m[38;5;221;01mlet[39;00m[38;5;230m [39m[38;5;153;01merror[39;00m[38;5;230m [39m[38;5;87m=[39m[38;5;230m [39m[38;5;230mresponse[39m[38;5;87m?[39m[38;5;87m.[39m[38;5;230merror[39m[38;5;87m?[39m[38;5;87m.[39m[38;5;230masAFError[39m[38;5;230m [39m[38;5;87m{[39m[38;5;230m

[38;5;230m            [39m[38;5;155;01mXCTAssertTrue[39;00m[38;5;87m([39m[38;5;230merror[39m[38;5;87m.[39m[38;5;230misInvalidURLError[39m[38;5;87m)[39m[38;5;230m

[38;5;230m            [39m[38;5;155;01mXCTAssertEqual[39;00m[38;5;87m([39m[38;5;230merror[39m[38;5;87m.[39m[38;5;230murlConvertible[39m[38;5;230m [39m[38;5;221;01mas?[39;00m[38;5;230m [39m[38;5;155;01mString[39;00m[38;5;87m,[39m[38;5;230m [39m[38;5;229;01m"https://httpbin.org/get/äëïöü"[39;00m[38;5;87m)[39m[38;5;230m

[38;5;230m[39m  ```
nl
nl
nl
nl  testThatDataRequestWithInvalidURLStringThrowsResponseHandlerError, [31mXCTAssertEqual failed: ("nil") is not equal to ("Optional("https://httpbin.org/get/äëïöü")")[0m

  [36m/Users/travis/build/Alamofire/Alamofire/Tests/SessionTests.swift:551[0m

  ```

[38;5;230m            [39m[38;5;155;01mXCTAssertTrue[39;00m[38;5;87m([39m[38;5;230merror[39m[38;5;87m.[39m[38;5;230misInvalidURLError[39m[38;5;87m)[39m[38;5;230m

[38;5;230m            [39m[38;5;155;01mXCTAssertEqual[39;00m[38;5;87m([39m[38;5;230merror[39m[38;5;87m.[39m[38;5;230murlConvertible[39m[38;5;230m [39m[38;5;221;01mas?[39;00m[38;5;230m [39m[38;5;155;01mString[39;00m[38;5;87m,[39m[38;5;230m [39m[38;5;229;01m"https://httpbin.org/get/äëïöü"[39;00m[38;5;87m)[39m[38;5;230m

[38;5;230m        [39m[38;5;87m}[39m[38;5;230m [39m[38;5;221;01melse[39;00m[38;5;230m [39m[38;5;87m{[39m[38;5;230m

[38;5;230m[39m  ```
nl
nl
nl
nl  testThatDownloadRequestWithInvalidURLStringThrowsResponseHandlerError, [31mXCTAssertTrue failed[0m

  [36m/Users/travis/build/Alamofire/Alamofire/Tests/SessionTests.swift:580[0m

  ```

[38;5;230m        [39m[38;5;221;01mif[39;00m[38;5;230m [39m[38;5;221;01mlet[39;00m[38;5;230m [39m[38;5;153;01merror[39;00m[38;5;230m [39m[38;5;87m=[39m[38;5;230m [39m[38;5;230mresponse[39m[38;5;87m?[39m[38;5;87m.[39m[38;5;230merror[39m[38;5;87m?[39m[38;5;87m.[39m[38;5;230masAFError[39m[38;5;230m [39m[38;5;87m{[39m[38;5;230m

[38;5;230m            [39m[38;5;155;01mXCTAssertTrue[39;00m[38;5;87m([39m[38;5;230merror[39m[38;5;87m.[39m[38;5;230misInvalidURLError[39m[38;5;87m)[39m[38;5;230m

[38;5;230m            [39m[38;5;155;01mXCTAssertEqual[39;00m[38;5;87m([39m[38;5;230merror[39m[38;5;87m.[39m[38;5;230murlConvertible[39m[38;5;230m [39m[38;5;221;01mas?[39;00m[38;5;230m [39m[38;5;155;01mString[39;00m[38;5;87m,[39m[38;5;230m [39m[38;5;229;01m"https://httpbin.org/get/äëïöü"[39;00m[38;5;87m)[39m[38;5;230m

[38;5;230m[39m  ```
nl
nl
nl
nl  testThatDownloadRequestWithInvalidURLStringThrowsResponseHandlerError, [31mXCTAssertEqual failed: ("nil") is not equal to ("Optional("https://httpbin.org/get/äëïöü")")[0m

  [36m/Users/travis/build/Alamofire/Alamofire/Tests/SessionTests.swift:581[0m

  ```

[38;5;230m            [39m[38;5;155;01mXCTAssertTrue[39;00m[38;5;87m([39m[38;5;230merror[39m[38;5;87m.[39m[38;5;230misInvalidURLError[39m[38;5;87m)[39m[38;5;230m

[38;5;230m            [39m[38;5;155;01mXCTAssertEqual[39;00m[38;5;87m([39m[38;5;230merror[39m[38;5;87m.[39m[38;5;230murlConvertible[39m[38;5;230m [39m[38;5;221;01mas?[39;00m[38;5;230m [39m[38;5;155;01mString[39;00m[38;5;87m,[39m[38;5;230m [39m[38;5;229;01m"https://httpbin.org/get/äëïöü"[39;00m[38;5;87m)[39m[38;5;230m

[38;5;230m        [39m[38;5;87m}[39m[38;5;230m [39m[38;5;221;01melse[39;00m[38;5;230m [39m[38;5;87m{[39m[38;5;230m

[38;5;230m[39m  ```</Chunk>
  </Example>
  <Example>
    <Log>Swift/Alamofire@Alamofire/failed/555938247.log</Log>
    <Keywords>failures, failed, error</Keywords>
    <Category>0</Category>
    <Chunk>Alamofire_iOS_Tests.SessionTestCase

  testThatDownloadRequestWithInvalidURLStringThrowsResponseHandlerError, [31mXCTAssertTrue failed[0m

  [36m/Users/travis/build/Alamofire/Alamofire/Tests/SessionTests.swift:580[0m

  ```

[38;5;230m        [39m[38;5;221;01mif[39;00m[38;5;230m [39m[38;5;221;01mlet[39;00m[38;5;230m [39m[38;5;153;01merror[39;00m[38;5;230m [39m[38;5;87m=[39m[38;5;230m [39m[38;5;230mresponse[39m[38;5;87m?[39m[38;5;87m.[39m[38;5;230merror[39m[38;5;87m?[39m[38;5;87m.[39m[38;5;230masAFError[39m[38;5;230m [39m[38;5;87m{[39m[38;5;230m

[38;5;230m            [39m[38;5;155;01mXCTAssertTrue[39;00m[38;5;87m([39m[38;5;230merror[39m[38;5;87m.[39m[38;5;230misInvalidURLError[39m[38;5;87m)[39m[38;5;230m

[38;5;230m            [39m[38;5;155;01mXCTAssertEqual[39;00m[38;5;87m([39m[38;5;230merror[39m[38;5;87m.[39m[38;5;230murlConvertible[39m[38;5;230m [39m[38;5;221;01mas?[39;00m[38;5;230m [39m[38;5;155;01mString[39;00m[38;5;87m,[39m[38;5;230m [39m[38;5;229;01m"https://httpbin.org/get/äëïöü"[39;00m[38;5;87m)[39m[38;5;230m

[38;5;230m[39m  ```
nl
nl
nl
nl  testThatDownloadRequestWithInvalidURLStringThrowsResponseHandlerError, [31mXCTAssertEqual failed: ("nil") is not equal to ("Optional("https://httpbin.org/get/äëïöü")")[0m

  [36m/Users/travis/build/Alamofire/Alamofire/Tests/SessionTests.swift:581[0m

  ```

[38;5;230m            [39m[38;5;155;01mXCTAssertTrue[39;00m[38;5;87m([39m[38;5;230merror[39m[38;5;87m.[39m[38;5;230misInvalidURLError[39m[38;5;87m)[39m[38;5;230m

[38;5;230m            [39m[38;5;155;01mXCTAssertEqual[39;00m[38;5;87m([39m[38;5;230merror[39m[38;5;87m.[39m[38;5;230murlConvertible[39m[38;5;230m [39m[38;5;221;01mas?[39;00m[38;5;230m [39m[38;5;155;01mString[39;00m[38;5;87m,[39m[38;5;230m [39m[38;5;229;01m"https://httpbin.org/get/äëïöü"[39;00m[38;5;87m)[39m[38;5;230m

[38;5;230m        [39m[38;5;87m}[39m[38;5;230m [39m[38;5;221;01melse[39;00m[38;5;230m [39m[38;5;87m{[39m[38;5;230m

[38;5;230m[39m  ```</Chunk>
  </Example>
  <Example>
    <Log>Swift/Alamofire@Alamofire/failed/556020562.log</Log>
    <Keywords>✗, , </Keywords>
    <Category>1</Category>
    <Chunk>2019-07-08 22:26:27.058 xcodebuild[3101:9336]  IDETestOperationsObserverDebug: Writing diagnostic log for test session to:

/Users/travis/Library/Developer/Xcode/DerivedData/Alamofire-cluwyoqdwcygxscxntjkvgncyhpi/Logs/Test/Test-Alamofire iOS-2019.07.08_22-21-36-+0000.xcresult/1_Test/Diagnostics/Alamofire iOS Tests-EBA5CCB7-4883-49E5-AC04-1DB24D54D147/Alamofire iOS Tests-59731680-66FE-4F36-AB77-DE642E8EBCE1/Session-Alamofire iOS Tests-2019-07-08_222627-wlFZP9.log

2019-07-08 22:26:27.059 xcodebuild[3101:7180] [MT] IDETestOperationsObserverDebug: (D4E0A4AF-BB1E-44FF-877B-E927EB495B21) Beginning test session Alamofire iOS Tests-D4E0A4AF-BB1E-44FF-877B-E927EB495B21 at 2019-07-08 22:26:27.059 with Xcode 10E1001 on target DVTiPhoneSimulator: 0x7fd8c95694a0&gt; {

		SimDevice: iPhone Xs (2D144036-DB57-4CBC-BC76-3452C2DCC7EB, iOS 12.2, Booted)

} (12.2 (16E226))

2019-07-08 22:26:27.071 xcodebuild[3101:7180] [MT] IDETestOperationsObserverDebug: (D4E0A4AF-BB1E-44FF-877B-E927EB495B21) Finished requesting crash reports. Continuing with testing.

    [31m✗[0m testThatAppendingResponseSerializerToCancelledRequestCallsCompletion, Test crashed</Chunk>
  </Example>
  <Example>
    <Log>Swift/Alamofire@Alamofire/failed/556112835.log</Log>
    <Keywords>failure, failed, </Keywords>
    <Category>0</Category>
    <Chunk>Alamofire_iOS_Tests.StatusCodeValidationTestCase

  testThatValidationForRequestWithAcceptableStatusCodeResponseSucceeds, [31mAsynchronous wait failed: Exceeded timeout of 5 seconds, with unfulfilled expectations: "download should return 200 status code".[0m

  [36m/Users/travis/build/Alamofire/Alamofire/Tests/ValidationTests.swift:55[0m

  ```

[38;5;230m

[38;5;230m        [39m[38;5;153mwaitForExpectations[39m[38;5;87m([39m[38;5;153;01mtimeout[39;00m[38;5;87m:[39m[38;5;230m [39m[38;5;230mtimeout[39m[38;5;87m,[39m[38;5;230m [39m[38;5;153;01mhandler[39;00m[38;5;87m:[39m[38;5;230m [39m[38;5;212;01mnil[39;00m[38;5;87m)[39m[38;5;230m

[38;5;230m

[38;5;230m[39m  ```</Chunk>
  </Example>
  <Example>
    <Log>Swift/Alamofire@Alamofire/failed/559137810.log</Log>
    <Keywords>failure, failed, </Keywords>
    <Category>0</Category>
    <Chunk>Alamofire_iOS_Tests.UploadRequestEventsTestCase

  testThatCancelledUploadRequestTriggersAllAppropriateLifetimeEvents, [31mAsynchronous wait failed: Exceeded timeout of 5 seconds, with unfulfilled expectations: "didCancel should fire", "didCancelTask should fire".[0m

  [36m/Users/travis/build/Alamofire/Alamofire/Tests/UploadTests.swift:741[0m

  ```

[38;5;230m

[38;5;230m        [39m[38;5;153mwaitForExpectations[39m[38;5;87m([39m[38;5;153;01mtimeout[39;00m[38;5;87m:[39m[38;5;230m [39m[38;5;230mtimeout[39m[38;5;87m,[39m[38;5;230m [39m[38;5;153;01mhandler[39;00m[38;5;87m:[39m[38;5;230m [39m[38;5;212;01mnil[39;00m[38;5;87m)[39m[38;5;230m

[38;5;230m

[38;5;230m[39m  ```
nl
nl
nl
nl  testThatCancelledUploadRequestTriggersAllAppropriateLifetimeEvents, [31mXCTAssertEqual failed: ("finished") is not equal to ("cancelled")[0m

  [36m/Users/travis/build/Alamofire/Alamofire/Tests/UploadTests.swift:744[0m

  ```

[38;5;230m        [39m[38;5;67;04m// Then[39;00m[38;5;230m

[38;5;230m        [39m[38;5;155;01mXCTAssertEqual[39;00m[38;5;87m([39m[38;5;230mrequest[39m[38;5;87m.[39m[38;5;230mstate[39m[38;5;87m,[39m[38;5;230m [39m[38;5;87m.[39m[38;5;230mcancelled[39m[38;5;87m)[39m[38;5;230m

[38;5;230m    [39m[38;5;87m}[39m[38;5;230m

[38;5;230m[39m  ```</Chunk>
  </Example>
  <Example>
    <Log>Swift/Alamofire@Alamofire/failed/562608867.log</Log>
    <Keywords>✗, , </Keywords>
    <Category>1</Category>
    <Chunk>2019-07-23 14:21:34.571 xcodebuild[3111:8516]  IDETestOperationsObserverDebug: Writing diagnostic log for test session to:

/Users/travis/Library/Developer/Xcode/DerivedData/Alamofire-cluwyoqdwcygxscxntjkvgncyhpi/Logs/Test/Test-Alamofire tvOS-2019.07.23_14-19-04-+0000.xcresult/1_Test/Diagnostics/Alamofire tvOS Tests-3453F750-CFB3-45CE-9371-8487B97D670B/Alamofire tvOS Tests-ED9BF638-571A-496D-9FAF-A3CB60F55EBD/Session-Alamofire tvOS Tests-2019-07-23_142134-SbJ3ll.log

2019-07-23 14:21:34.571 xcodebuild[3111:7195] [MT] IDETestOperationsObserverDebug: (351B9941-B174-4A38-8A4C-50C60B770796) Beginning test session Alamofire tvOS Tests-351B9941-B174-4A38-8A4C-50C60B770796 at 2019-07-23 14:21:34.571 with Xcode 10E1001 on target DVTiPhoneSimulator: 0x7f81285e7c00&gt; {

		SimDevice: Apple TV 1080p (456EC0CF-C098-4EC1-890E-4DE0BD3C4527, tvOS 10.2, Booted)

} (10.2 (14W260))

2019-07-23 14:21:34.580 xcodebuild[3111:7195] [MT] IDETestOperationsObserverDebug: (351B9941-B174-4A38-8A4C-50C60B770796) Finished requesting crash reports. Continuing with testing.

    [31m✗[0m testGETRequestCURLDescriptionSynchronous, Test crashed</Chunk>
  </Example>
  <Example>
    <Log>Swift/Alamofire@Alamofire/failed/566151224.log</Log>
    <Keywords>failure, failed, </Keywords>
    <Category>0</Category>
    <Chunk>Alamofire_iOS_Tests.UploadMultipartFormDataTestCase

  testThatUploadingMultipartFormDataWhileStreamingFromDiskMonitorsProgress, [31mXCTAssertEqual failed: ("0.0") is not equal to ("1.0")[0m

  [36m/Users/travis/build/Alamofire/Alamofire/Tests/UploadTests.swift:645[0m

  ```

[38;5;230m        [39m[38;5;221;01mif[39;00m[38;5;230m [39m[38;5;221;01mlet[39;00m[38;5;230m [39m[38;5;153;01mlastProgressValue[39;00m[38;5;230m [39m[38;5;87m=[39m[38;5;230m [39m[38;5;230mdownloadProgressValues[39m[38;5;87m.[39m[38;5;230mlast[39m[38;5;230m [39m[38;5;87m{[39m[38;5;230m

[38;5;230m            [39m[38;5;155;01mXCTAssertEqual[39;00m[38;5;87m([39m[38;5;230mlastProgressValue[39m[38;5;87m,[39m[38;5;230m [39m[38;5;212;01m1.0[39;00m[38;5;87m)[39m[38;5;230m

[38;5;230m        [39m[38;5;87m}[39m[38;5;230m [39m[38;5;221;01melse[39;00m[38;5;230m [39m[38;5;87m{[39m[38;5;230m

[38;5;230m[39m  ```</Chunk>
  </Example>
  <Example>
    <Log>Swift/Alamofire@Alamofire/failed/566230265.log</Log>
    <Keywords>failure, failed, </Keywords>
    <Category>0</Category>
    <Chunk>Alamofire_iOS_Tests.TLSEvaluationExpiredLeafCertificateTestCase

  testThatExpiredCertificateRequestSucceedsWhenPinningIntermediateCACertificateWithoutCertificateChainOrHostValidation, [31mAsynchronous wait failed: Exceeded timeout of 5 seconds, with unfulfilled expectations: "https://expired.badssl.com/".[0m

  [36m/Users/travis/build/Alamofire/Alamofire/Tests/TLSEvaluationTests.swift:384[0m

  ```

[38;5;230m

[38;5;230m        [39m[38;5;153mwaitForExpectations[39m[38;5;87m([39m[38;5;153;01mtimeout[39;00m[38;5;87m:[39m[38;5;230m [39m[38;5;230mtimeout[39m[38;5;87m,[39m[38;5;230m [39m[38;5;153;01mhandler[39;00m[38;5;87m:[39m[38;5;230m [39m[38;5;212;01mnil[39;00m[38;5;87m)[39m[38;5;230m

[38;5;230m

[38;5;230m[39m  ```</Chunk>
  </Example>
  <Example>
    <Log>Swift/Alamofire@Alamofire/failed/566793591.log</Log>
    <Keywords>❌, , </Keywords>
    <Category>2</Category>
    <Chunk>[31m❌  [0m/Users/travis/build/Alamofire/Alamofire/Source/ParameterEncoding.swift:269:57: [31mthrown expression type 'AFError.ParameterEncoderFailureReason' does not conform to 'Error'[0m
nl
nl
nl
nl            throw AFError.ParameterEncoderFailureReason.missingRequiredComponent(.httpMethod(rawValue: "POST"))

[36m                  ~~~~~~~~~~~~~~~~~~~~~~~~~~~~~~~~~~~~~~^~~~~~~~~~~~~~~~~~~~~~~~~~~~~~~~~~~~~~~~~~~~~~~~~~~~~~~[0m
nl
nl
nl
nl
nl
nl
nl
nl[31m❌  [0m/Users/travis/build/Alamofire/Alamofire/Source/ParameterEncoding.swift:302:57: [31mthrown expression type 'AFError.ParameterEncoderFailureReason' does not conform to 'Error'[0m
nl
nl
nl
nl            throw AFError.ParameterEncoderFailureReason.missingRequiredComponent(.httpMethod(rawValue: "POST"))

[36m                  ~~~~~~~~~~~~~~~~~~~~~~~~~~~~~~~~~~~~~~^~~~~~~~~~~~~~~~~~~~~~~~~~~~~~~~~~~~~~~~~~~~~~~~~~~~~~~[0m</Chunk>
  </Example>
</Examples>
