<?xml version="1.0" encoding="UTF-8"?>
<Examples>
  <Example>
    <Log>Elixir/phoenixframework@phoenix/failed/565138076.log</Log>
    <Keywords>1), failure, Error</Keywords>
    <Category>0</Category>
    <Chunk>1) test reloads on every request (Phoenix.CodeReloaderTest)
     [1m[30mtest/phoenix/code_reloader_test.exs:39[0m
     [31m** (ArgumentError) argument error[0m
     [36mcode: [0m:erlang.trace(pid, true, [:receive])
     [36mstacktrace:[0m
       :erlang.trace(nil, true, [:receive])
       test/phoenix/code_reloader_test.exs:41: (test)</Chunk>
  </Example>
  <Example>
    <Log>Elixir/phoenixframework@phoenix/failed/565197107.log</Log>
    <Keywords>1), failure, failed</Keywords>
    <Category>0</Category>
    <Chunk>1) test does not log converted errors if response already sent (Phoenix.Endpoint.RenderErrorsTest)
     [1m[30mtest/phoenix/endpoint/render_errors_test.exs:146[0m
     [31mAssertion with == failed[0m
     [36mcode:  [0massert capture_log(fn -&gt; try do
              try do
                Plug.Conn.send_resp(conn, 200, "hello")
                throw(:hello)
              catch
                kind, reason -&gt;
                  stack = System.stacktrace()
                  opts = [view: __MODULE__, accepts: ~w"html"]
                  Phoenix.Endpoint.RenderErrors.__catch__(conn, kind, reason, stack, opts)
              else
                _ -&gt;
                  flunk("function should have failed")
              end
            catch
              :throw, :hello -&gt;
                :ok
            end end) == ""
     [36mleft:  [0m"\n21:37:31.096 [warn]  no configuration found for otp_app :phoenix and module Phoenix.Endpoint.EndpointTest.NoConfigEndpoint\n"
     [36mright: [0m""
     [36mstacktrace:[0m
       test/phoenix/endpoint/render_errors_test.exs:149: (test)</Chunk>
  </Example>
  <Example>
    <Log>Elixir/phoenixframework@phoenix/failed/566184515.log</Log>
    <Keywords>1), failure, failed</Keywords>
    <Category>0</Category>
    <Chunk>1) test adapters starts on configured port and serves requests and stops for dev (Phoenix.Integration.EndpointTest)
     [1m[30mtest/phoenix/integration/endpoint_test.exs:153[0m
     [31m** (ExUnit.TimeoutError) test timed out after 60000ms. You can change the timeout:
     
       1. per test by setting "@tag timeout: x"
       2. per case by setting "@moduletag timeout: x"
       3. globally via "ExUnit.start(timeout: x)" configuration
       4. or set it to infinity per run by calling "mix test --trace"
          (useful when using IEx.pry)
     
     Timeouts are given as integers in milliseconds.
     [0m
     [36mcode: [0mcapture_log fn -&gt;
     [36mstacktrace:[0m
       (inets) httpc.erl:623: :httpc.handle_answer/3
       (inets) httpc.erl:567: :httpc.handle_request/9
       test/support/http_client.exs:42: Phoenix.Integration.HTTPClient.request/4
       test/phoenix/integration/endpoint_test.exs:183: anonymous fn/0 in Phoenix.Integration.EndpointTest."test adapters starts on configured port and serves requests and stops for dev"/1
       (ex_unit) lib/ex_unit/capture_log.ex:78: ExUnit.CaptureLog.capture_log/2
       test/phoenix/integration/endpoint_test.exs:158: (test)
       (ex_unit) lib/ex_unit/runner.ex:312: ExUnit.Runner.exec_test/1
       (stdlib) timer.erl:166: :timer.tc/1
       (ex_unit) lib/ex_unit/runner.ex:251: anonymous fn/4 in ExUnit.Runner.spawn_test/3</Chunk>
  </Example>
  <Example>
    <Log>Elixir/phoenixframework@phoenix/failed/566758567.log</Log>
    <Keywords>1), failure, failed</Keywords>
    <Category>0</Category>
    <Chunk>1) test does not log converted errors if response already sent (Phoenix.Endpoint.RenderErrorsTest)
     [1m[30mtest/phoenix/endpoint/render_errors_test.exs:146[0m
     [31mAssertion with == failed[0m
     [36mcode:  [0massert capture_log(fn -&gt; try() do
              try() do
                Plug.Conn.send_resp(conn, 200, "hello")
                throw(:hello)
              catch
                kind, reason -&gt;
                  stack = System.stacktrace()
                  opts = [view: __MODULE__, accepts: ~w"html"]
                  Phoenix.Endpoint.RenderErrors.__catch__(conn, kind, reason, stack, opts)
              else
                _ -&gt;
                  flunk("function should have failed")
              end
            catch
              :throw, :hello -&gt;
                :ok
            end end) == ""
     [36mleft:  [0m"\n02:07:59.256 [info]  Plug.SSL is redirecting GET / to https://example.com with status 301\n"
     [36mright: [0m""
     [36mstacktrace:[0m
       test/phoenix/endpoint/render_errors_test.exs:149: (test)</Chunk>
  </Example>
  <Example>
    <Log>Elixir/phoenixframework@phoenix/failed/567963167.log</Log>
    <Keywords>1), failure, failed</Keywords>
    <Category>0</Category>
    <Chunk>1) test assets are in sync with installer (Mix.Tasks.Phx.NewTest)
     [1m[30mtest/mix/tasks/phx.new_test.exs:96[0m
     [31mAssertion with == failed[0m
     [36mcode:  [0massert File.read!("priv/static/#{file}") == File.read!("installer/templates/phx_static/#{file}")
     [36mleft:  [0m"!function(e,t){\"object\"==typeof exports\"object\"==typeof module?module.exports=t():\"function\"==typeof definedefine.amd?define([],t):\"object\"==typeof exports?exports.Phoenix=t():e.Phoenix=t()}(this,function(){return function(e){var t={};function n(i){if(t[i])return t[i].exports;var o=t[i]={i:i,l:!1,exports:{}};return e[i].call(o.exports,o,o.exports,n),o.l=!0,o.exports}return n.m=e,n.c=t,n.d=function(e,t,i){n.o(e,t)||Object.defineProperty(e,t,{enumerable:!0,get:i})},n.r=function(e){\"undefined\"!=typeof SymbolSymbol.toStringTagObject.defineProperty(e,Symbol.toStringTag,{value:\"Module\"}),Object.defineProperty(e,\"__esModule\",{value:!0})},n.t=function(e,t){if(1t(e=n(e)),8t)return e;if(4t\"object\"==typeof eee.__esModule)return e;var i=Object.create(null);if(n.r(i),Object.defineProperty(i,\"default\",{enumerable:!0,value:e}),2t\"string\"!=typeof e)for(var o in e)n.d(i,o,function(t){return e[t]}.bind(null,o));return i},n.n=function(e){var t=ee.__esModule?function(){return e.default}:function(){return e};return n.d(t,\"a\",t),t},n.o=function(e,t){return Object.prototype.hasOwnProperty.call(e,t)},n.p=\"\",n(n.s=0)}([function(e,t,n){(function(t){e.exports=t.Phoenix=n(2)}).call(this,n(1))},function(e,t){var n;n=function(){return this}();try{n=n||Function(\"return this\")()||(0,eval)(\"this\")}catch(e){\"object\"==typeof window(n=window)}e.exports=n},function(e,t,n){\"use strict\";function i(e){return(i=\"function\"==typeof Symbol\"symbol\"==typeof Symbol.iterator?function(e){return typeof e}:function(e){return e\"function\"==typeof Symbole.constructor===Symbole!==Symbol.prototype?\"symbol\":typeof e})(e)}function [31mo[0m(e,t){return function(e){if(Array.isArray(e))return e}(e)||function(e,t){var n=[],i=!0,o=!1,r=void 0;try{for(var s,a=e[Symbol.iterator]();!(i=(s=a.next()).done)(n.push(s.value),!t||n.length!==t);i=!0);}catch(e){o=!0,r=e}finally{try{i||null==a.return||a.return()}finally{if(o)throw r}}return n}(e,t)||function(){throw new TypeError(\"Invalid attempt to destructure non-iterable instance\")}()}function [31mr[0m(e,t){if(!(e instanceof t))throw new TypeError(\"Cannot call a class as a function\")}function [31ms[0m(e,t){for(var n=0;nt.length;n++){var i=t[n];i.enumerable=i.enumerable||!1,i.configurable=!0,\"value\"in i(i.writable=!0),Object.defineProperty(e,i.key,i)}}function [31ma[0m(e,t,n){return t[31ms[0m(e.prototype,t),n[31ms[0m(e,n),e}n.r(t),n.d(t,\"Channel\",function(){return [31mk[0m}),n.d(t,\"Serializer\",function(){return [31mb[0m}),n.d(t,\"Socket\",function(){return [31mj[0m}),n.d(t,\"LongPoll\",function(){return C}),n.d(t,\"Ajax\",function(){return [31mR[0m}),n.d(t,\"Presence\",function(){return [31mT[0m});var [31mc[0m=\"undefined\"!=typeof self?self:null,[31mu[0m=\"undefined\"!=typeof window?window:null,[31mh[0m=[31mc[0m||[31mu[0m||void 0,[31ml[0m={connecting:0,open:1,closing:2,closed:3},[31mf[0m=1e4,[31md[0m={closed:\"closed\",errored:\"errored\",joined:\"joined\",joining:\"joining\",leaving:\"leaving\"},[31mp[0m={close:\"phx_close\",error:\"phx_error\",join:\"phx_join\",reply:\"phx_reply\",leave:\"phx_leave\"},[31mv[0m=[[31mp[0m.close,[31mp[0m.error,[31mp[0m.join,[31mp[0m.reply,[31mp[0m.leave],m={longpoll:\"longpoll\",websocket:\"websocket\"},[31my[0m=function(e){if(\"function\"==typeof e)return e;return function(){return e}},[31mg[0m=function(){function e(t,n,i,o){[31mr[0m(this,e),this.channel=t,this.event=n,this.payload=i||function(){return{}},this.receivedResp=null,this.timeout=o,this.timeoutTimer=null,this.recHooks=[],this.sent=!1}return [31ma[0m(e,[{key:\"resend\",value:function(e){this.timeout=e,this.reset(),this.send()}},{key:\"send\",value:function(){this.hasReceived(\"timeout\")||(this.startTimeout(),this.sent=!0,this.channel.socket.push({topic:this.channel.topic,event:this.event,payload:this.payload(),ref:this.ref,join_ref:this.channel.joinRef()}))}},{key:\"receive\",value:function(e,t){return this.hasReceived(e)t(this.receivedResp.response),this.recHooks.push({status:e,callback:t}),this}},{key:\"reset\",value:function(){this.cancelRefEvent(),this.ref=null,this.refEvent=null,this.receivedResp=null,this.sent=!1}},{key:\"matchReceive\",value:function(e){var t=e.status,n=e.response;e.ref;this.recHooks.filter(function(e){return e.status===t}).forEach(function(e){return e.callback(n)})}},{key:\"cancelRefEvent\",value:function(){this.refEventthis.channel.off(this.refEvent)}},{key:\"cancelTimeout\",value:function(){clearTimeout(this.timeoutTimer),this.timeoutTimer=null}},{key:\"startTimeout\",value:function(){var e=this;this.timeoutTimerthis.cancelTimeout(),this.ref=this.channel.socket.makeRef(),this.refEvent=this.channel.replyEventName(this.ref),this.channel.on(this.refEvent,function(t){e.cancelRefEvent(),e.cancelTimeout(),e.receivedResp=t,e.matchReceive(t)}),this.timeoutTimer=setTimeout(function(){e.trigger(\"timeout\",{})},this.timeout)}},{key:\"hasReceived\",value:function(e){return this.receivedRespthis.receivedResp.status===e}},{key:\"trigger\",value:function(e,t){this.channel.trigger(this.refEvent,{status:e,response:t})}}]),e}(),[31mk[0m=function(){function e(t,n,i){var o=this;[31mr[0m(this,e),this.state=[31md[0m.closed,this.topic=t,this.params=[31my[0m(n||{}),this.socket=i,this.bindings=[],this.bindingRef=0,this.timeout=this.socket.timeout,this.joinedOnce=!1,this.joinPush=new [31mg[0m(this,[31mp[0m.join,this.params,this.timeout),this.pushBuffer=[],this.rejoinTimer=new E(function(){o.socket.isConnected()o.rejoin()},this.socket.rejoinAfterMs),this.socket.onError(function(){return o.rejoinTimer.reset()}),this.socket.onOpen(function(){o.rejoinTimer.reset(),o.isErrored()o.rejoin()}),this.joinPush.receive(\"ok\",function(){o.state=[31md[0m.joined,o.rejoinTimer.reset(),o.pushBuffer.forEach(function(e){return e.send()}),o.pushBuffer=[]}),this.joinPush.receive(\"error\",function(){o.state=[31md[0m.errored,o.socket.isConnected()o.rejoinTimer.scheduleTimeout()}),this.onClose(function(){o.rejoinTimer.reset(),o.socket.hasLogger()o.socket.log(\"channel\",\"close \".concat(o.topic,\" \").concat(o.joinRef())),o.state=[31md[0m.closed,o.socket.remove(o)}),this.onError(function(e){o.socket.hasLogger()o.socket.log(\"channel\",\"error \".concat(o.topic),e),o.isJoining()o.joinPush.reset(),o.state=[31md[0m.errored,o.socket.isConnected()o.rejoinTimer.scheduleTimeout()}),this.joinPush.receive(\"timeout\",function(){o.socket.hasLogger()o.socket.log(\"channel\",\"timeout \".concat(o.topic,\" (\").concat(o.joinRef(),\")\"),o.joinPush.timeout),new [31mg[0m(o,[31mp[0m.leave,[31my[0m({}),o.timeout).send(),o.state=[31md[0m.errored,o.joinPush.reset(),o.socket.isConnected()o.rejoinTimer.scheduleTimeout()}),this.on([31mp[0m.reply,function(e,t){o.trigger(o.replyEventName(t),e)})}return [31ma[0m(e,[{key:\"join\",value:function(){var e=arguments.length&gt;0void 0!==arguments[0]?arguments[0]:this.timeout;if(this.joinedOnce)throw new Error(\"tried to join multiple times. 'join' can only be called a single time per channel instance\");return this.timeout=e,this.joinedOnce=!0,this.rejoin(),this.joinPush}},{key:\"onClose\",value:function(e){this.on([31mp[0m.close,e)}},{key:\"onError\",value:function(e){return this.on([31mp[0m.error,function(t){return e(t)})}},{key:\"on\",value:function(e,t){var n=this.bindingRef++;return this.bindings.push({event:e,ref:n,callback:t}),n}},{key:\"off\",value:function(e,t){this.bindings=this.bindings.filter(function(n){return!(n.event===e(void 0===t||t===n.ref))})}},{key:\"canPush\",value:function(){return this.socket.isConnected()this.isJoined()}},{key:\"push\",value:function(e,t){var n=arguments.length&gt;2void 0!==arguments[2]?arguments[2]:this.timeout;if(!this.joinedOnce)throw new Error(\"tried to push '\".concat(e,\"' to '\").concat(this.topic,\"' before joining. Use channel.join() before pushing events\"));var i=new [31mg[0m(this,e,function(){return t},n);return this.canPush()?i.send():(i.startTimeout(),this.pushBuffer.push(i)),i}},{key:\"leave\",value:function(){var e=this,t=arguments.length&gt;0void 0!==arguments[0]?arguments[0]:this.timeout;this.rejoinTimer.reset(),this.joinPush.cancelTimeout(),this.state=[31md[0m.leaving;var n=function(){e.socket.hasLogger()e.socket.log(\"channel\",\"leave \".concat(e.topic)),e.trigger([31mp[0m.close,\"leave\")},i=new [31mg[0m(this,[31mp[0m.leave,[31my[0m({}),t);return i.receive(\"ok\",function(){return n()}).receive(\"timeout\",function(){return n()}),i.send(),this.canPush()||i.trigger(\"ok\",{}),i}},{key:\"onMessage\",value:function(e,t,n){return t}},{key:\"isLifecycleEvent\",value:function(e){return [31mv[0m.indexOf(e)&gt;=0}},{key:\"isMember\",value:function(e,t,n,i){return this.topic===e(!i||i===this.joinRef()||!this.isLifecycleEvent(t)||(this.socket.hasLogger()this.socket.log(\"channel\",\"dropping outdated message\",{topic:e,event:t,payload:n,joinRef:i}),!1))}},{key:\"joinRef\",value:function(){return this.joinPush.ref}},{key:\"sendJoin\",value:function(e){this.state=[31md[0m.joining,this.joinPush.resend(e)}},{key:\"rejoin\",value:function(){var e=arguments.length&gt;0void 0!==arguments[0]?arguments[0]:this.timeout;this.isLeaving()||this.sendJoin(e)}},{key:\"trigger\",value:function(e,t,n,i){var o=this.onMessage(e,t,n,i);if(t!o)throw new Error(\"channel onMessage callbacks must return the payload, modified or unmodified\");for(var r=0;rthis.bindings.length;r++){var s=this.bindings[r];s.event===es.callback(o,n,i||this.joinRef())}}},{key:\"replyEventName\",value:function(e){return\"chan_reply_\".concat(e)}},{key:\"isClosed\",value:function(){return this.state===[31md[0m.closed}},{key:\"isErrored\",value:function(){return this.state===[31md[0m.errored}},{key:\"isJoined\",value:function(){return this.state===[31md[0m.joined}},{key:\"isJoining\",value:function(){return this.state===[31md[0m.joining}},{key:\"isLeaving\",value:function(){return this.state===[31md[0m.leaving}}]),e}(),[31mb[0m={encode:function(e,t){var n=[e.join_ref,e.ref,e.topic,e.event,e.payload];return t(JSON.stringify(n))},decode:function(e,t){var n=[31mo[0m(JSON.parse(e),5);return t({join_ref:n[0],ref:n[1],topic:n[2],event:n[3],payload:n[4]})}},[31mj[0m=function(){function e(t){var n=this,i=arguments.length&gt;1void 0!==arguments[1]?arguments[1]:{};[31mr[0m(this,e),this.stateChangeCallbacks={open:[],close:[],error:[],message:[]},this.channels=[],this.sendBuffer=[],this.ref=0,this.timeout=i.timeout||[31mf[0m,this.transport=i.transport||[31mh[0m.WebSocket||C,this.defaultEncoder=[31mb[0m.encode,this.defaultDecoder=[31mb[0m.decode,this.closeWasClean=!1,this.unloaded=!1,this.binaryType=i.binaryType||\"arraybuffer\",this.transport!==C?(this.encode=i.encode||this.defaultEncoder,this.decode=i.decode||this.defaultDecoder):(this.encode=this.defaultEncoder,this.decode=this.defaultDecoder),[31mu[0m[31mu[0m.addEventListener[31mu[0m.addEventListener(\"beforeunload\",function(e){n.conn(n.unloaded=!0,n.abnormalClose(\"unloaded\"))}),this.heartbeatIntervalMs=i.heartbeatIntervalMs||3e4,this.rejoinAfterMs=function(e){return i.rejoinAfterMs?i.rejoinAfterMs(e):[1e3,2e3,5e3][e-1]||1e4},this.reconnectAfterMs=function(e){return n.unloaded?100:i.reconnectAfterMs?i.reconnectAfterMs(e):[10,50,100,150,200,250,500,1e3,2e3][e-1]||5e3},this.logger=i.logger||null,this.longpollerTimeout=i.longpollerTimeout||2e4,this.params=[31my[0m(i.params||{}),this.endPoint=\"\".concat(t,\"/\").concat(m.websocket),this.heartbeatTimer=null,this.pendingHeartbeatRef=null,this.reconnectTimer=new E(function(){n.teardown(function(){return n.connect()})},this.reconnectAfterMs)}return [31ma[0m(e,[{key:\"protocol\",value:function(){return location.protocol.match(/^https/)?\"wss\":\"ws\"}},{key:\"endPointURL\",value:function(){var e=[31mR[0m.appendParams([31mR[0m.appendParams(this.endPoint,this.params()),{vsn:\"2.0.0\"});return\"/\"!==e.charAt(0)?e:\"/\"===e.charAt(1)?\"\".concat(this.protocol(),\":\").concat(e):\"\".concat(this.protocol(),\"://\").concat(location.host).concat(e)}},{key:\"disconnect\",value:function(e,t,n){this.closeWasClean=!0,this.reconnectTimer.reset(),this.teardown(e,t,n)}},{key:\"connect\",value:function(e){var t=this;e(consoleconsole.log(\"passing params to connect is deprecated. Instead pass :params to the Socket constructor\"),this.params=[31my[0m(e)),this.conn||(this.closeWasClean=!1,this.conn=new this.transport(this.endPointURL()),this.conn.binaryType=this.binaryType,this.conn.timeout=this.longpollerTimeout,this.conn.onopen=function(){return t.onConnOpen()},this.conn.onerror=function(e){return t.onConnError(e)},this.conn.onmessage=function(e){return t.onConnMessage(e)},this.conn.onclose=function(e){return t.onConnClose(e)})}},{key:\"log\",value:function(e,t,n){this.logger(e,t,n)}},{key:\"hasLogger\",value:function(){return null!==this.logger}},{key:\"onOpen\",value:function(e){this.stateChangeCallbacks.open.push(e)}},{key:\"onClose\",value:function(e){this.stateChangeCallbacks.close.push(e)}},{key:\"onError\",value:function(e){this.stateChangeCallbacks.error.push(e)}},{key:\"onMessage\",value:function(e){this.stateChangeCallbacks.message.push(e)}},{key:\"onConnOpen\",value:function(){this.hasLogger()this.log(\"transport\",\"connected to \".concat(this.endPointURL())),this.unloaded=!1,this.closeWasClean=!1,this.flushSendBuffer(),this.reconnectTimer.reset(),this.resetHeartbeat(),this.stateChangeCallbacks.open.forEach(function(e){return e()})}},{key:\"resetHeartbeat\",value:function(){var e=this;this.connthis.conn.skipHeartbeat||(this.pendingHeartbeatRef=null,clearInterval(this.heartbeatTimer),this.heartbeatTimer=setInterval(function(){return e.sendHeartbeat()},this.heartbeatIntervalMs))}},{key:\"teardown\",value:function(e,t,n){this.conn(this.conn.onclose=function(){},t?this.conn.close(t,n||\"\"):this.conn.close(),this.conn=null),ee()}},{key:\"onConnClose\",value:function(e){this.hasLogger()this.log(\"transport\",\"close\",e),this.triggerChanError(),clearInterval(this.heartbeatTimer),this.closeWasClean||this.reconnectTimer.scheduleTimeout(),this.stateChangeCallbacks.close.forEach(function(t){return t(e)})}},{key:\"onConnError\",value:function(e){this.hasLogger()this.log(\"transport\",e),this.triggerChanError(),this.stateChangeCallbacks.error.forEach(function(t){return t(e)})}},{key:\"triggerChanError\",value:function(){this.channels.forEach(function(e){e.isErrored()||e.isLeaving()||e.isClosed()||e.trigger([31mp[0m.error)})}},{key:\"connectionState\",value:function(){switch(this.connthis.conn.readyState){case [31ml[0m.connecting:return\"connecting\";case [31ml[0m.open:return\"open\";case [31ml[0m.closing:return\"closing\";default:return\"closed\"}}},{key:\"isConnected\",value:function(){return\"open\"===this.connectionState()}},{key:\"remove\",value:function(e){this.channels=this.channels.filter(function(t){return t.joinRef()!==e.joinRef()})}},{key:\"channel\",value:function(e){var t=arguments.length&gt;1void 0!==arguments[1]?arguments[1]:{},n=new [31mk[0m(e,t,this);return this.channels.push(n),n}},{key:\"push\",value:function(e){var t=this;if(this.hasLogger()){var n=e.topic,i=e.event,o=e.payload,r=e.ref,s=e.join_ref;this.log(\"push\",\"\".concat(n,\" \").concat(i,\" (\").concat(s,\", \").concat(r,\")\"),o)}this.isConnected()?this.encode(e,function(e){return t.conn.send(e)}):this.sendBuffer.push(function(){return t.encode(e,function(e){return t.conn.send(e)})})}},{key:\"makeRef\",value:function(){var e=this.ref+1;return e===this.ref?this.ref=0:this.ref=e,this.ref.toString()}},{key:\"sendHeartbeat\",value:function(){if(this.isConnected()){if(this.pendingHeartbeatRef)return this.pendingHeartbeatRef=null,this.hasLogger()this.log(\"transport\",\"heartbeat timeout. Attempting to re-establish connection\"),void this.abnormalClose(\"heartbeat timeout\");this.pendingHeartbeatRef=this.makeRef(),this.push({topic:\"phoenix\",event:\"heartbeat\",payload:{},ref:this.pendingHeartbeatRef})}}},{key:\"abnormalClose\",value:function(e){this.closeWasClean=!1,this.conn.close(1e3,e)}},{key:\"flushSendBuffer\",value:function(){this.isConnected()this.sendBuffer.length&gt;0(this.sendBuffer.forEach(function(e){return e()}),this.sendBuffer=[])}},{key:\"onConnMessage\",value:function(e){var t=this;this.decode(e.data,function(e){var n=e.topic,i=e.event,o=e.payload,r=e.ref,s=e.join_ref;rr===t.pendingHeartbeatRef(t.pendingHeartbeatRef=null),t.hasLogger()t.log(\"receive\",\"\".concat(o.status||\"\",\" \").concat(n,\" \").concat(i,\" \").concat(r\"(\"+r+\")\"||\"\"),o);for(var a=0;at.channels.length;a++){var c=t.channels[a];c.isMember(n,i,o,s)c.trigger(i,o,r,s)}for(var u=0;ut.stateChangeCallbacks.message.length;u++)t.stateChangeCallbacks.message[u](e)})}}]),e}(),C=function(){function e(t){[31mr[0m(this,e),this.endPoint=null,this.token=null,this.skipHeartbeat=!0,this.onopen=function(){},this.onerror=function(){},this.onmessage=function(){},this.onclose=function(){},this.pollEndpoint=this.normalizeEndpoint(t),this.readyState=[31ml[0m.connecting,this.poll()}return [31ma[0m(e,[{key:\"normalizeEndpoint\",value:function(e){return e.replace(\"ws://\",\"http://\").replace(\"wss://\",\"https://\").replace(new RegExp(\"(.*)/\"+m.websocket),\"$1/\"+m.longpoll)}},{key:\"endpointURL\",value:function(){return [31mR[0m.appendParams(this.pollEndpoint,{token:this.token})}},{key:\"closeAndRetry\",value:function(){this.close(),this.readyState=[31ml[0m.connecting}},{key:\"ontimeout\",value:function(){this.onerror(\"timeout\"),this.closeAndRetry()}},{key:\"poll\",value:function(){var e=this;this.readyState!==[31ml[0m.openthis.readyState!==[31ml[0m.connecting||[31mR[0m.request(\"GET\",this.endpointURL(),\"application/json\",null,this.timeout,this.ontimeout.bind(this),function(t){if(t){var n=t.status,i=t.token,o=t.messages;e.token=i}else n=0;switch(n){case 200:o.forEach(function(t){return e.onmessage({data:t})}),e.poll();break;case 204:e.poll();break;case 410:e.readyState=[31ml[0m.open,e.onopen(),e.poll();break;case 0:case 500:e.onerror(),e.closeAndRetry();break;default:throw new Error(\"unhandled poll status \".concat(n))}})}},{key:\"send\",value:function(e){var t=this;[31mR[0m.request(\"POST\",this.endpointURL(),\"application/json\",e,this.timeout,this.onerror.bind(this,\"timeout\"),function(e){e200===e.status||(t.onerror(ee.status),t.closeAndRetry())})}},{key:\"close\",value:function(e,t){this.readyState=[31ml[0m.closed,this.onclose()}}]),e}(),[31mR[0m=function(){function e(){[31mr[0m(this,e)}return [31ma[0m(e,null,[{key:\"request\",value:function(e,t,n,i,o,r,s){if([31mh[0m.XDomainRequest){var a=new XDomainRequest;this.xdomainRequest(a,e,t,i,o,r,s)}else{var c=[31mh[0m.XMLHttpRequest?new [31mh[0m.XMLHttpRequest:new ActiveXObject(\"Microsoft.XMLHTTP\");this.xhrRequest(c,e,t,n,i,o,r,s)}}},{key:\"xdomainRequest\",value:function(e,t,n,i,o,r,s){var a=this;e.timeout=o,e.open(t,n),e.onload=function(){var t=a.parseJSON(e.responseText);ss(t)},r(e.ontimeout=r),e.onprogress=function(){},e.send(i)}},{key:\"xhrRequest\",value:function(e,t,n,i,o,r,s,a){var c=this;e.open(t,n,!0),e.timeout=r,e.setRequestHeader(\"Content-Type\",i),e.onerror=function(){aa(null)},e.onreadystatechange=function(){if(e.readyState===c.states.completea){var t=c.parseJSON(e.responseText);a(t)}},s(e.ontimeout=s),e.send(o)}},{key:\"parseJSON\",value:function(e){if(!e||\"\"===e)return null;try{return JSON.parse(e)}catch(t){return consoleconsole.log(\"failed to parse JSON response\",e),null}}},{key:\"serialize\",value:function(e,t){var n=[];for(var [31mo[0m in e)if(e.hasOwnProperty([31mo[0m)){var r=t?\"\".concat(t,\"[\").concat([31mo[0m,\"]\"):[31mo[0m,s=e[[31mo[0m];\"object\"===[31mi[0m(s)?n.push(this.serialize(s,r)):n.push(encodeURIComponent(r)+\"=\"+encodeURIComponent(s))}return n.join(\"\")}},{key:\"appendParams\",value:function(e,t){if(0===Object.keys(t).length)return e;var n=e.match(/\\?/)?\"\":\"?\";return\"\".concat(e).concat(n).concat(this.serialize(t))}}]),e}();[31mR[0m.states={complete:4};var [31mT[0m=function(){function e(t){var n=this,i=arguments.length&gt;1void 0!==arguments[1]?arguments[1]:{};[31mr[0m(this,e);var o=i.events||{state:\"presence_state\",diff:\"presence_diff\"};this.state={},this.pendingDiffs=[],this.channel=t,this.joinRef=null,this.caller={on[31mCha[0mn[31mg[0me:function(){},onSync:function(){}},this.channel.on(o.state,function(t){var i=n.caller,o=i.on[31mCha[0mn[31mge[0m,r=i.onSync;n.joinRef=n.channel.joinRef(),e.syncState(n.state,t,o),n.pendingDiffs.forEach(function(t){e.syncDiff(n.state,t,o)}),n.pendingDiffs=[],[31mr[0m()}),this.channel.on(o.diff,function(t){var i=n.caller,o=i.on[31mCha[0mn[31mge[0m,r=i.onSync;n.inPendingSyncState()?n.pendingDiffs.push(t):(e.syncDiff(n.state,t,o[31m)[0m,r())})}return [31ma[0m(e,[{key:\"on[31mC[0mhan[31mg[0me\",value:function(e){this.caller.on[31mCh[0ma[31mng[0me=e}},{key:\"onSync\",value:function(e){this.caller.onSync=e}},{key:\"list\",value:function(t){return e.list(this.state,t)}},{key:\"inPendingSyncState\",value:function(){return!this.joinRef||this.joinRef!==this.channel.joinRef()}}],[{key:\"syncState\",value:function(e,t,n){var i={},[31mo[0m={};return this.map([31me[0m,function(e,n){t[e]||([31mo[0m[e]=n)}),this.map(t,function([31mt[0m,[31mn[0m){var [31mr[0m=[31me[0m[[31mt[0m];if([31mr[0m){var [31ms[0m=[31mn[0m.metas.map(function(e){return e.phx_ref}),[31ma[0m=[31mr[0m.metas.map(function(e){return e.phx_ref}),[31mc[0m=[31mn[0m.metas.filter(function(e){return [31ma[0m.indexOf(e.phx_ref)0}),[31mu[0m=[31mr[0m.metas.filter(function(e){return [31ms[0m.indexOf(e.phx_ref)0});[31mc[0m.length&gt;0([31mi[0m[[31mt[0m]=[31mn[0m,[31mi[0m[[31mt[0m].metas=[31mc[0m),[31mu[0m.length&gt;0([31mo[0m[[31mt[0m]=n,[31mo[0m[[31mt[0m].metas=[31mu[0m)}else [31mi[0m[[31mt[0m]=[31mn[0m}),this.syncDiff([31me[0m,{joins:[31mi[0m,leaves:[31mo[0m},n)}},{key:\"syncDiff\",value:function(e,t,n){var [31mi[0m=t.joins,[31mo[0m=t.leaves,[31mr[0m=[31m{}[0m;return [31mthis.map[0m([31mi,[0mfunction([31me,t[0m){[31mr[e]={joinedMetas:t.metas,leftMetas:[],update:t[0m}[31m}[0m),[31mthis.map[0m(o[31m,[0mfunction([31me,t[0m){[31mr[e]?r[e].leftMetas=t.metas:r[e]={joinedMetas:[],leftMetas:t.metas,update:t[0m}[31m}[0m),this.map(r,function([31mt[0m,[31mi[0m){var o=[31mi.joinedMet[0ma[31ms,r=i.l[0mef[31mtM[0meta[31ms[0m,s=[31mi.upd[0ma[31mt[0me[31m,[0ma[31m=o[0m.map(function(e){return e.phx_ref}),c=[31mr[0m.ma[31mp[0m(function(e){return e.phx_ref})[31m,u[0m=[31me[0m[[31mt[0m][31m,h={[0mmetas[31m:[0mu[31m?u[0m.[31mm[0met[31mas:[][0m}[31m;[0mh.meta[31ms[0m=[31mh[0m.metas.[31mfilter[0m(function(e){return[31m-1===a.ind[0me[31mxOf(e[0m.phx_ref[31m)[0m})[31m.co[0mn[31mc[0mat[31m(o)[0m.filter(function(e){return[31m-1===c[0m.indexOf(e.phx_ref)}),[31mObject.keys(s).f[0mo[31mrEach[0m([31mfu[0mn[31mc[0mt[31mion(e[0m)[31m{\"metas\"!==e(h[e]=s[e])})[0m,0===[31mh[0m.metas.length[31m?[0mdelete [31me[0m[[31mt]:[0me[31m[t[0m][31m=h,nn(t,u,h)[0m}),[31me[0m}},{key:\"list\",value:function(e,t){return t||(t=function(e,t){return t}),this.map(e,function(e,n){return t(e,n)})}},{key:\"map\",value:function(e,t){return Object.getOwnPropertyNames(e).map(function(n){return t(n,e[n])})}}]),e}(),E=function(){function e(t,n){[31mr[0m(this,e),this.callback=t,this.timerCalc=n,this.timer=null,this.tries=0}return [31ma[0m(e,[{key:\"reset\",value:function(){this.tries=0,clearTimeout(this.timer)}},{key:\"scheduleTimeout\",value:function(){var e=this;clearTimeout(this.timer),this.timer=setTimeout(function(){e.tries=e.tries+1,e.callback()},this.timerCalc(this.tries+1))}}]),e}()}])});"
     [36mright: [0m"!function(e,t){\"object\"==typeof exports\"object\"==typeof module?module.exports=t():\"function\"==typeof definedefine.amd?define([],t):\"object\"==typeof exports?exports.Phoenix=t():e.Phoenix=t()}(this,function(){return function(e){var t={};function n(i){if(t[i])return t[i].exports;var o=t[i]={i:i,l:!1,exports:{}};return e[i].call(o.exports,o,o.exports,n),o.l=!0,o.exports}return n.m=e,n.c=t,n.d=function(e,t,i){n.o(e,t)||Object.defineProperty(e,t,{enumerable:!0,get:i})},n.r=function(e){\"undefined\"!=typeof SymbolSymbol.toStringTagObject.defineProperty(e,Symbol.toStringTag,{value:\"Module\"}),Object.defineProperty(e,\"__esModule\",{value:!0})},n.t=function(e,t){if(1t(e=n(e)),8t)return e;if(4t\"object\"==typeof eee.__esModule)return e;var i=Object.create(null);if(n.r(i),Object.defineProperty(i,\"default\",{enumerable:!0,value:e}),2t\"string\"!=typeof e)for(var o in e)n.d(i,o,function(t){return e[t]}.bind(null,o));return i},n.n=function(e){var t=ee.__esModule?function(){return e.default}:function(){return e};return n.d(t,\"a\",t),t},n.o=function(e,t){return Object.prototype.hasOwnProperty.call(e,t)},n.p=\"\",n(n.s=0)}([function(e,t,n){(function(t){e.exports=t.Phoenix=n(2)}).call(this,n(1))},function(e,t){var n;n=function(){return this}();try{n=n||Function(\"return this\")()||(0,eval)(\"this\")}catch(e){\"object\"==typeof window(n=window)}e.exports=n},function(e,t,n){\"use strict\";function i(e){return[32m function[0m([32me){[0mi[32mf(Array.isArray(e)){for(var t[0m=[32m0,n=new Array(e.length);te.length;t++)n[t]=e[t];return n}}(e)||function(e){if(Symbol.iterator in Object(e)||[0m\"[32m[object Arguments]\"===Object.prototype.toString.call(e))return Array.[0mf[32mrom(e)}(e)||f[0munction[32m(){throw new TypeError([0m\"[32mInvalid attempt to spread non-iterable instance\")}()}function o(e){return(o[0m=[32m\"function\"=[0m=typeof Symbol\"symbol\"==typeof Symbol.iterator?function(e){return typeof e}:function(e){return e\"function\"==typeof Symbole.constructor===Symbole!==Symbol.prototype?\"symbol\":typeof e})(e)}function [32mr[0m(e,t){return function(e){if(Array.isArray(e))return e}(e)||function(e,t){var n=[],i=!0,o=!1,r=void 0;try{for(var s,a=e[Symbol.iterator]();!(i=(s=a.next()).done)(n.push(s.value),!t||n.length!==t);i=!0);}catch(e){o=!0,r=e}finally{try{i||null==a.return||a.return()}finally{if(o)throw r}}return n}(e,t)||function(){throw new TypeError(\"Invalid attempt to destructure non-iterable instance\")}()}function [32ms[0m(e,t){if(!(e instanceof t))throw new TypeError(\"Cannot call a class as a function\")}function [32ma[0m(e,t){for(var n=0;nt.length;n++){var i=t[n];i.enumerable=i.enumerable||!1,i.configurable=!0,\"value\"in i(i.writable=!0),Object.defineProperty(e,i.key,i)}}function [32mc[0m(e,t,n){return t[32ma[0m(e.prototype,t),n[32ma[0m(e,n),e}n.r(t),n.d(t,\"Channel\",function(){return [32mb[0m}),n.d(t,\"Serializer\",function(){return [32mj[0m}),n.d(t,\"Socket\",function(){return [32mR[0m}),n.d(t,\"LongPoll\",function(){return C}),n.d(t,\"Ajax\",function(){return [32mT[0m}),n.d(t,\"Presence\",function(){return [32mw[0m});var [32mu[0m=\"undefined\"!=typeof self?self:null,[32mh[0m=\"undefined\"!=typeof window?window:null,[32ml[0m=[32mu[0m||[32mh[0m||void 0,[32mf[0m={connecting:0,open:1,closing:2,closed:3},[32md[0m=1e4,[32mp[0m={closed:\"closed\",errored:\"errored\",joined:\"joined\",joining:\"joining\",leaving:\"leaving\"},[32mv[0m={close:\"phx_close\",error:\"phx_error\",join:\"phx_join\",reply:\"phx_reply\",leave:\"phx_leave\"},[32my[0m=[[32mv[0m.close,[32mv[0m.error,[32mv[0m.join,[32mv[0m.reply,[32mv[0m.leave],m={longpoll:\"longpoll\",websocket:\"websocket\"},[32mg[0m=function(e){if(\"function\"==typeof e)return e;return function(){return e}},[32mk[0m=function(){function e(t,n,i,o){[32ms[0m(this,e),this.channel=t,this.event=n,this.payload=i||function(){return{}},this.receivedResp=null,this.timeout=o,this.timeoutTimer=null,this.recHooks=[],this.sent=!1}return [32mc[0m(e,[{key:\"resend\",value:function(e){this.timeout=e,this.reset(),this.send()}},{key:\"send\",value:function(){this.hasReceived(\"timeout\")||(this.startTimeout(),this.sent=!0,this.channel.socket.push({topic:this.channel.topic,event:this.event,payload:this.payload(),ref:this.ref,join_ref:this.channel.joinRef()}))}},{key:\"receive\",value:function(e,t){return this.hasReceived(e)t(this.receivedResp.response),this.recHooks.push({status:e,callback:t}),this}},{key:\"reset\",value:function(){this.cancelRefEvent(),this.ref=null,this.refEvent=null,this.receivedResp=null,this.sent=!1}},{key:\"matchReceive\",value:function(e){var t=e.status,n=e.response;e.ref;this.recHooks.filter(function(e){return e.status===t}).forEach(function(e){return e.callback(n)})}},{key:\"cancelRefEvent\",value:function(){this.refEventthis.channel.off(this.refEvent)}},{key:\"cancelTimeout\",value:function(){clearTimeout(this.timeoutTimer),this.timeoutTimer=null}},{key:\"startTimeout\",value:function(){var e=this;this.timeoutTimerthis.cancelTimeout(),this.ref=this.channel.socket.makeRef(),this.refEvent=this.channel.replyEventName(this.ref),this.channel.on(this.refEvent,function(t){e.cancelRefEvent(),e.cancelTimeout(),e.receivedResp=t,e.matchReceive(t)}),this.timeoutTimer=setTimeout(function(){e.trigger(\"timeout\",{})},this.timeout)}},{key:\"hasReceived\",value:function(e){return this.receivedRespthis.receivedResp.status===e}},{key:\"trigger\",value:function(e,t){this.channel.trigger(this.refEvent,{status:e,response:t})}}]),e}(),[32mb[0m=function(){function e(t,n,i){var o=this;[32ms[0m(this,e),this.state=[32mp[0m.closed,this.topic=t,this.params=[32mg[0m(n||{}),this.socket=i,this.bindings=[],this.bindingRef=0,this.timeout=this.socket.timeout,this.joinedOnce=!1,this.joinPush=new [32mk[0m(this,[32mv[0m.join,this.params,this.timeout),this.pushBuffer=[],this.rejoinTimer=new E(function(){o.socket.isConnected()o.rejoin()},this.socket.rejoinAfterMs),this.socket.onError(function(){return o.rejoinTimer.reset()}),this.socket.onOpen(function(){o.rejoinTimer.reset(),o.isErrored()o.rejoin()}),this.joinPush.receive(\"ok\",function(){o.state=[32mp[0m.joined,o.rejoinTimer.reset(),o.pushBuffer.forEach(function(e){return e.send()}),o.pushBuffer=[]}),this.joinPush.receive(\"error\",function(){o.state=[32mp[0m.errored,o.socket.isConnected()o.rejoinTimer.scheduleTimeout()}),this.onClose(function(){o.rejoinTimer.reset(),o.socket.hasLogger()o.socket.log(\"channel\",\"close \".concat(o.topic,\" \").concat(o.joinRef())),o.state=[32mp[0m.closed,o.socket.remove(o)}),this.onError(function(e){o.socket.hasLogger()o.socket.log(\"channel\",\"error \".concat(o.topic),e),o.isJoining()o.joinPush.reset(),o.state=[32mp[0m.errored,o.socket.isConnected()o.rejoinTimer.scheduleTimeout()}),this.joinPush.receive(\"timeout\",function(){o.socket.hasLogger()o.socket.log(\"channel\",\"timeout \".concat(o.topic,\" (\").concat(o.joinRef(),\")\"),o.joinPush.timeout),new [32mk[0m(o,[32mv[0m.leave,[32mg[0m({}),o.timeout).send(),o.state=[32mp[0m.errored,o.joinPush.reset(),o.socket.isConnected()o.rejoinTimer.scheduleTimeout()}),this.on([32mv[0m.reply,function(e,t){o.trigger(o.replyEventName(t),e)})}return [32mc[0m(e,[{key:\"join\",value:function(){var e=arguments.length&gt;0void 0!==arguments[0]?arguments[0]:this.timeout;if(this.joinedOnce)throw new Error(\"tried to join multiple times. 'join' can only be called a single time per channel instance\");return this.timeout=e,this.joinedOnce=!0,this.rejoin(),this.joinPush}},{key:\"onClose\",value:function(e){this.on([32mv[0m.close,e)}},{key:\"onError\",value:function(e){return this.on([32mv[0m.error,function(t){return e(t)})}},{key:\"on\",value:function(e,t){var n=this.bindingRef++;return this.bindings.push({event:e,ref:n,callback:t}),n}},{key:\"off\",value:function(e,t){this.bindings=this.bindings.filter(function(n){return!(n.event===e(void 0===t||t===n.ref))})}},{key:\"canPush\",value:function(){return this.socket.isConnected()this.isJoined()}},{key:\"push\",value:function(e,t){var n=arguments.length&gt;2void 0!==arguments[2]?arguments[2]:this.timeout;if(!this.joinedOnce)throw new Error(\"tried to push '\".concat(e,\"' to '\").concat(this.topic,\"' before joining. Use channel.join() before pushing events\"));var i=new [32mk[0m(this,e,function(){return t},n);return this.canPush()?i.send():(i.startTimeout(),this.pushBuffer.push(i)),i}},{key:\"leave\",value:function(){var e=this,t=arguments.length&gt;0void 0!==arguments[0]?arguments[0]:this.timeout;this.rejoinTimer.reset(),this.joinPush.cancelTimeout(),this.state=[32mp[0m.leaving;var n=function(){e.socket.hasLogger()e.socket.log(\"channel\",\"leave \".concat(e.topic)),e.trigger([32mv[0m.close,\"leave\")},i=new [32mk[0m(this,[32mv[0m.leave,[32mg[0m({}),t);return i.receive(\"ok\",function(){return n()}).receive(\"timeout\",function(){return n()}),i.send(),this.canPush()||i.trigger(\"ok\",{}),i}},{key:\"onMessage\",value:function(e,t,n){return t}},{key:\"isLifecycleEvent\",value:function(e){return [32my[0m.indexOf(e)&gt;=0}},{key:\"isMember\",value:function(e,t,n,i){return this.topic===e(!i||i===this.joinRef()||!this.isLifecycleEvent(t)||(this.socket.hasLogger()this.socket.log(\"channel\",\"dropping outdated message\",{topic:e,event:t,payload:n,joinRef:i}),!1))}},{key:\"joinRef\",value:function(){return this.joinPush.ref}},{key:\"sendJoin\",value:function(e){this.state=[32mp[0m.joining,this.joinPush.resend(e)}},{key:\"rejoin\",value:function(){var e=arguments.length&gt;0void 0!==arguments[0]?arguments[0]:this.timeout;this.isLeaving()||this.sendJoin(e)}},{key:\"trigger\",value:function(e,t,n,i){var o=this.onMessage(e,t,n,i);if(t!o)throw new Error(\"channel onMessage callbacks must return the payload, modified or unmodified\");for(var r=0;rthis.bindings.length;r++){var s=this.bindings[r];s.event===es.callback(o,n,i||this.joinRef())}}},{key:\"replyEventName\",value:function(e){return\"chan_reply_\".concat(e)}},{key:\"isClosed\",value:function(){return this.state===[32mp[0m.closed}},{key:\"isErrored\",value:function(){return this.state===[32mp[0m.errored}},{key:\"isJoined\",value:function(){return this.state===[32mp[0m.joined}},{key:\"isJoining\",value:function(){return this.state===[32mp[0m.joining}},{key:\"isLeaving\",value:function(){return this.state===[32mp[0m.leaving}}]),e}(),[32mj[0m={encode:function(e,t){var n=[e.join_ref,e.ref,e.topic,e.event,e.payload];return t(JSON.stringify(n))},decode:function(e,t){var n=[32mr[0m(JSON.parse(e),5);return t({join_ref:n[0],ref:n[1],topic:n[2],event:n[3],payload:n[4]})}},[32mR[0m=function(){function e(t){var n=this,i=arguments.length&gt;1void 0!==arguments[1]?arguments[1]:{};[32ms[0m(this,e),this.stateChangeCallbacks={open:[],close:[],error:[],message:[]},this.channels=[],this.sendBuffer=[],this.ref=0,this.timeout=i.timeout||[32md[0m,this.transport=i.transport||[32ml[0m.WebSocket||C,this.defaultEncoder=[32mj[0m.encode,this.defaultDecoder=[32mj[0m.decode,this.closeWasClean=!1,this.unloaded=!1,this.binaryType=i.binaryType||\"arraybuffer\",this.transport!==C?(this.encode=i.encode||this.defaultEncoder,this.decode=i.decode||this.defaultDecoder):(this.encode=this.defaultEncoder,this.decode=this.defaultDecoder),[32mh[0m[32mh[0m.addEventListener[32mh[0m.addEventListener(\"beforeunload\",function(e){n.conn(n.unloaded=!0,n.abnormalClose(\"unloaded\"))}),this.heartbeatIntervalMs=i.heartbeatIntervalMs||3e4,this.rejoinAfterMs=function(e){return i.rejoinAfterMs?i.rejoinAfterMs(e):[1e3,2e3,5e3][e-1]||1e4},this.reconnectAfterMs=function(e){return n.unloaded?100:i.reconnectAfterMs?i.reconnectAfterMs(e):[10,50,100,150,200,250,500,1e3,2e3][e-1]||5e3},this.logger=i.logger||null,this.longpollerTimeout=i.longpollerTimeout||2e4,this.params=[32mg[0m(i.params||{}),this.endPoint=\"\".concat(t,\"/\").concat(m.websocket),this.heartbeatTimer=null,this.pendingHeartbeatRef=null,this.reconnectTimer=new E(function(){n.teardown(function(){return n.connect()})},this.reconnectAfterMs)}return [32mc[0m(e,[{key:\"protocol\",value:function(){return location.protocol.match(/^https/)?\"wss\":\"ws\"}},{key:\"endPointURL\",value:function(){var e=[32mT[0m.appendParams([32mT[0m.appendParams(this.endPoint,this.params()),{vsn:\"2.0.0\"});return\"/\"!==e.charAt(0)?e:\"/\"===e.charAt(1)?\"\".concat(this.protocol(),\":\").concat(e):\"\".concat(this.protocol(),\"://\").concat(location.host).concat(e)}},{key:\"disconnect\",value:function(e,t,n){this.closeWasClean=!0,this.reconnectTimer.reset(),this.teardown(e,t,n)}},{key:\"connect\",value:function(e){var t=this;e(consoleconsole.log(\"passing params to connect is deprecated. Instead pass :params to the Socket constructor\"),this.params=[32mg[0m(e)),this.conn||(this.closeWasClean=!1,this.conn=new this.transport(this.endPointURL()),this.conn.binaryType=this.binaryType,this.conn.timeout=this.longpollerTimeout,this.conn.onopen=function(){return t.onConnOpen()},this.conn.onerror=function(e){return t.onConnError(e)},this.conn.onmessage=function(e){return t.onConnMessage(e)},this.conn.onclose=function(e){return t.onConnClose(e)})}},{key:\"log\",value:function(e,t,n){this.logger(e,t,n)}},{key:\"hasLogger\",value:function(){return null!==this.logger}},{key:\"onOpen\",value:function(e){this.stateChangeCallbacks.open.push(e)}},{key:\"onClose\",value:function(e){this.stateChangeCallbacks.close.push(e)}},{key:\"onError\",value:function(e){this.stateChangeCallbacks.error.push(e)}},{key:\"onMessage\",value:function(e){this.stateChangeCallbacks.message.push(e)}},{key:\"onConnOpen\",value:function(){this.hasLogger()this.log(\"transport\",\"connected to \".concat(this.endPointURL())),this.unloaded=!1,this.closeWasClean=!1,this.flushSendBuffer(),this.reconnectTimer.reset(),this.resetHeartbeat(),this.stateChangeCallbacks.open.forEach(function(e){return e()})}},{key:\"resetHeartbeat\",value:function(){var e=this;this.connthis.conn.skipHeartbeat||(this.pendingHeartbeatRef=null,clearInterval(this.heartbeatTimer),this.heartbeatTimer=setInterval(function(){return e.sendHeartbeat()},this.heartbeatIntervalMs))}},{key:\"teardown\",value:function(e,t,n){this.conn(this.conn.onclose=function(){},t?this.conn.close(t,n||\"\"):this.conn.close(),this.conn=null),ee()}},{key:\"onConnClose\",value:function(e){this.hasLogger()this.log(\"transport\",\"close\",e),this.triggerChanError(),clearInterval(this.heartbeatTimer),this.closeWasClean||this.reconnectTimer.scheduleTimeout(),this.stateChangeCallbacks.close.forEach(function(t){return t(e)})}},{key:\"onConnError\",value:function(e){this.hasLogger()this.log(\"transport\",e),this.triggerChanError(),this.stateChangeCallbacks.error.forEach(function(t){return t(e)})}},{key:\"triggerChanError\",value:function(){this.channels.forEach(function(e){e.isErrored()||e.isLeaving()||e.isClosed()||e.trigger([32mv[0m.error)})}},{key:\"connectionState\",value:function(){switch(this.connthis.conn.readyState){case [32mf[0m.connecting:return\"connecting\";case [32mf[0m.open:return\"open\";case [32mf[0m.closing:return\"closing\";default:return\"closed\"}}},{key:\"isConnected\",value:function(){return\"open\"===this.connectionState()}},{key:\"remove\",value:function(e){this.channels=this.channels.filter(function(t){return t.joinRef()!==e.joinRef()})}},{key:\"channel\",value:function(e){var t=arguments.length&gt;1void 0!==arguments[1]?arguments[1]:{},n=new [32mb[0m(e,t,this);return this.channels.push(n),n}},{key:\"push\",value:function(e){var t=this;if(this.hasLogger()){var n=e.topic,i=e.event,o=e.payload,r=e.ref,s=e.join_ref;this.log(\"push\",\"\".concat(n,\" \").concat(i,\" (\").concat(s,\", \").concat(r,\")\"),o)}this.isConnected()?this.encode(e,function(e){return t.conn.send(e)}):this.sendBuffer.push(function(){return t.encode(e,function(e){return t.conn.send(e)})})}},{key:\"makeRef\",value:function(){var e=this.ref+1;return e===this.ref?this.ref=0:this.ref=e,this.ref.toString()}},{key:\"sendHeartbeat\",value:function(){if(this.isConnected()){if(this.pendingHeartbeatRef)return this.pendingHeartbeatRef=null,this.hasLogger()this.log(\"transport\",\"heartbeat timeout. Attempting to re-establish connection\"),void this.abnormalClose(\"heartbeat timeout\");this.pendingHeartbeatRef=this.makeRef(),this.push({topic:\"phoenix\",event:\"heartbeat\",payload:{},ref:this.pendingHeartbeatRef})}}},{key:\"abnormalClose\",value:function(e){this.closeWasClean=!1,this.conn.close(1e3,e)}},{key:\"flushSendBuffer\",value:function(){this.isConnected()this.sendBuffer.length&gt;0(this.sendBuffer.forEach(function(e){return e()}),this.sendBuffer=[])}},{key:\"onConnMessage\",value:function(e){var t=this;this.decode(e.data,function(e){var n=e.topic,i=e.event,o=e.payload,r=e.ref,s=e.join_ref;rr===t.pendingHeartbeatRef(t.pendingHeartbeatRef=null),t.hasLogger()t.log(\"receive\",\"\".concat(o.status||\"\",\" \").concat(n,\" \").concat(i,\" \").concat(r\"(\"+r+\")\"||\"\"),o);for(var a=0;at.channels.length;a++){var c=t.channels[a];c.isMember(n,i,o,s)c.trigger(i,o,r,s)}for(var u=0;ut.stateChangeCallbacks.message.length;u++)t.stateChangeCallbacks.message[u](e)})}}]),e}(),C=function(){function e(t){[32ms[0m(this,e),this.endPoint=null,this.token=null,this.skipHeartbeat=!0,this.onopen=function(){},this.onerror=function(){},this.onmessage=function(){},this.onclose=function(){},this.pollEndpoint=this.normalizeEndpoint(t),this.readyState=[32mf[0m.connecting,this.poll()}return [32mc[0m(e,[{key:\"normalizeEndpoint\",value:function(e){return e.replace(\"ws://\",\"http://\").replace(\"wss://\",\"https://\").replace(new RegExp(\"(.*)/\"+m.websocket),\"$1/\"+m.longpoll)}},{key:\"endpointURL\",value:function(){return [32mT[0m.appendParams(this.pollEndpoint,{token:this.token})}},{key:\"closeAndRetry\",value:function(){this.close(),this.readyState=[32mf[0m.connecting}},{key:\"ontimeout\",value:function(){this.onerror(\"timeout\"),this.closeAndRetry()}},{key:\"poll\",value:function(){var e=this;this.readyState!==[32mf[0m.openthis.readyState!==[32mf[0m.connecting||[32mT[0m.request(\"GET\",this.endpointURL(),\"application/json\",null,this.timeout,this.ontimeout.bind(this),function(t){if(t){var n=t.status,i=t.token,o=t.messages;e.token=i}else n=0;switch(n){case 200:o.forEach(function(t){return e.onmessage({data:t})}),e.poll();break;case 204:e.poll();break;case 410:e.readyState=[32mf[0m.open,e.onopen(),e.poll();break;case 0:case 500:e.onerror(),e.closeAndRetry();break;default:throw new Error(\"unhandled poll status \".concat(n))}})}},{key:\"send\",value:function(e){var t=this;[32mT[0m.request(\"POST\",this.endpointURL(),\"application/json\",e,this.timeout,this.onerror.bind(this,\"timeout\"),function(e){e200===e.status||(t.onerror(ee.status),t.closeAndRetry())})}},{key:\"close\",value:function(e,t){this.readyState=[32mf[0m.closed,this.onclose()}}]),e}(),[32mT[0m=function(){function e(){[32ms[0m(this,e)}return [32mc[0m(e,null,[{key:\"request\",value:function(e,t,n,i,o,r,s){if([32ml[0m.XDomainRequest){var a=new XDomainRequest;this.xdomainRequest(a,e,t,i,o,r,s)}else{var c=[32ml[0m.XMLHttpRequest?new [32ml[0m.XMLHttpRequest:new ActiveXObject(\"Microsoft.XMLHTTP\");this.xhrRequest(c,e,t,n,i,o,r,s)}}},{key:\"xdomainRequest\",value:function(e,t,n,i,o,r,s){var a=this;e.timeout=o,e.open(t,n),e.onload=function(){var t=a.parseJSON(e.responseText);ss(t)},r(e.ontimeout=r),e.onprogress=function(){},e.send(i)}},{key:\"xhrRequest\",value:function(e,t,n,i,o,r,s,a){var c=this;e.open(t,n,!0),e.timeout=r,e.setRequestHeader(\"Content-Type\",i),e.onerror=function(){aa(null)},e.onreadystatechange=function(){if(e.readyState===c.states.completea){var t=c.parseJSON(e.responseText);a(t)}},s(e.ontimeout=s),e.send(o)}},{key:\"parseJSON\",value:function(e){if(!e||\"\"===e)return null;try{return JSON.parse(e)}catch(t){return consoleconsole.log(\"failed to parse JSON response\",e),null}}},{key:\"serialize\",value:function(e,t){var n=[];for(var [32mi[0m in e)if(e.hasOwnProperty([32mi[0m)){var r=t?\"\".concat(t,\"[\").concat([32mi[0m,\"]\"):[32mi[0m,s=e[[32mi[0m];\"object\"===[32mo[0m(s)?n.push(this.serialize(s,r)):n.push(encodeURIComponent(r)+\"=\"+encodeURIComponent(s))}return n.join(\"\")}},{key:\"appendParams\",value:function(e,t){if(0===Object.keys(t).length)return e;var n=e.match(/\\?/)?\"\":\"?\";return\"\".concat(e).concat(n).concat(this.serialize(t))}}]),e}();[32mT[0m.states={complete:4};var [32mw[0m=function(){function e(t){var n=this,i=arguments.length&gt;1void 0!==arguments[1]?arguments[1]:{};[32ms[0m(this,e);var o=i.events||{state:\"presence_state\",diff:\"presence_diff\"};this.state={},this.pendingDiffs=[],this.channel=t,this.joinRef=null,this.caller={on[32mJoi[0mn[32m:function(){},onL[0me[32mave[0m:function(){},onSync:function(){}},this.channel.on(o.state,function(t){var i=n.caller,o=i.on[32mJoi[0mn,r=i.on[32mLeave,s=i.on[0mSync;n.joinRef=n.channel.joinRef(),[32mn.stat[0me[32m=e[0m.syncState(n.state,t,o[32m,r[0m),n.pendingDiffs.forEach(function(t){[32mn.stat[0me[32m=e[0m.syncDiff(n.state,t,o[32m,r[0m)}),n.pendingDiffs=[],[32ms[0m()}),this.channel.on(o.diff,function(t){var i=n.caller,o=i.on[32mJoi[0mn,r=i.on[32mLeave,s=i.on[0mSync;n.inPendingSyncState()?n.pendingDiffs.push(t):([32mn.stat[0me[32m=e[0m.syncDiff(n.state,t,o,r[32m),s[0m())})}return [32mc[0m(e,[{key:\"on[32mJoin\",value:function(e){t[0mh[32mis.c[0ma[32mller.o[0mn[32mJoin=[0me[32m}},{key:[0m\"[32monLeave\"[0m,value:function(e){this.caller.on[32mLe[0ma[32mv[0me=e}},{key:\"onSync\",value:function(e){this.caller.onSync=e}},{key:\"list\",value:function(t){return e.list(this.state,t)}},{key:\"inPendingSyncState\",value:function(){return!this.joinRef||this.joinRef!==this.channel.joinRef()}}],[{key:\"syncState\",value:function(e,t,n[32m,i[0m){var [32mo=th[0mi[32ms,r[0m=[32mthis.clone(e),s=[0m{},[32ma[0m={};return this.map([32mr[0m,function(e,n){t[e]||([32ma[0m[e]=n)}),this.map(t,function([32me[0m,[32mt[0m){var [32mn[0m=[32mr[0m[[32me[0m];if([32mn[0m){var [32mi[0m=[32mt[0m.metas.map(function(e){return e.phx_ref}),[32mc[0m=[32mn[0m.metas.map(function(e){return e.phx_ref}),[32mu[0m=[32mt[0m.metas.filter(function(e){return [32mc[0m.indexOf(e.phx_ref)0}),[32mh[0m=[32mn[0m.metas.filter(function(e){return [32mi[0m.indexOf(e.phx_ref)0});[32mu[0m.length&gt;0([32ms[0m[[32me[0m]=[32mt[0m,[32ms[0m[[32me[0m].metas=[32mu[0m),[32mh[0m.length&gt;0([32ma[0m[[32me[0m]=[32mo.clo[0mn[32me(n)[0m,[32ma[0m[[32me[0m].metas=[32mh[0m)}else [32ms[0m[[32me[0m]=[32mt[0m}),this.syncDiff([32mr[0m,{joins:[32ms[0m,leaves:[32ma[0m},n[32m,i[0m)}},{key:\"syncDiff\",value:function(e,t,n[32m,o[0m){var [32mr[0m=t.joins,[32ms[0m=t.leaves,[32ma[0m=[32mthis.clone(e)[0m;return [32mn||[0m([32mn=[0mfunction(){}),[32mo||[0m(o[32m=[0mfunction(){}),this.map(r,function([32me[0m,[32mt[0m){var o=a[32m[[0me[32m];i[0mf[32m(a[[0me[32m]=[0mt[32m,o){v[0ma[32mr r[0m,s=a[32m[[0me[32m].met[0ma[32ms[0m.map(function(e){return e.phx_ref}),c=[32mo[0m.m[32met[0ma[32ms.filter[0m(function(e){return [32ms.ind[0me[32mxOf(e[0m.phx_ref[32m)0[0m})[32m;(r[0m=[32ma[0m[[32me[0m][32m.[0mmetas[32m).[0mu[32mnshift[0m.[32mapply(r,i(c))}n([0me[32m,o,[0mt[32m)[0m}[32m),t[0mh[32mis[0m.m[32map(s,function([0me[32m,[0mt[32m){v[0ma[32mr n[0m=[32ma[e];if(n){var i=t[0m.metas.[32mmap[0m(function(e){return[48;5;28m [0me.phx_ref})[32m;[0mn[32m.met[0ma[32ms=n.me[0mt[32mas[0m.filter(function(e){return[32m i[0m.indexOf(e.phx_ref)[32m0[0m}),o([32me,[0mn[32m,[0mt),0===[32mn[0m.metas.length[32m[0mdelete [32ma[0m[e][32m}[0m}),[32ma[0m}},{key:\"list\",value:function(e,t){return t||(t=function(e,t){return t}),this.map(e,function(e,n){return t(e,n)})}},{key:\"map\",value:function(e,t){return Object.getOwnPropertyNames(e).map(function(n){return t(n,e[n])})}}[32m,{key:\"clone\",value:function(e){return JSON.parse(JSON.stringify(e))}}[0m]),e}(),E=function(){function e(t,n){[32ms[0m(this,e),this.callback=t,this.timerCalc=n,this.timer=null,this.tries=0}return [32mc[0m(e,[{key:\"reset\",value:function(){this.tries=0,clearTimeout(this.timer)}},{key:\"scheduleTimeout\",value:function(){var e=this;clearTimeout(this.timer),this.timer=setTimeout(function(){e.tries=e.tries+1,e.callback()},this.timerCalc(this.tries+1))}}]),e}()}])});"
     [36mstacktrace:[0m
       test/mix/tasks/phx.new_test.exs:98: anonymous fn/2 in Mix.Tasks.Phx.NewTest."test assets are in sync with installer"/1
       (elixir) lib/enum.ex:1899: Enum."-reduce/3-lists^foldl/2-0-"/3
       test/mix/tasks/phx.new_test.exs:97: (test)</Chunk>
  </Example>
  <Example>
    <Log>Elixir/phoenixframework@phoenix/failed/568235687.log</Log>
    <Keywords>1), failure, </Keywords>
    <Category>0</Category>
    <Chunk>1) test does not log converted errors if response already sent (Phoenix.Endpoint.RenderErrorsTest)
     [1m[30mtest/phoenix/endpoint/render_errors_test.exs:146[0m
     [31mAssertion with == failed[0m
     [36mcode:  [0massert capture_log(fn -&gt; try() do
              try() do
                Plug.Conn.send_resp(conn, 200, "hello")
                throw(:hello)
              catch
                kind, reason -&gt;
                  stack = System.stacktrace()
                  opts = [view: __MODULE__, accepts: ~w"html"]
                  Phoenix.Endpoint.RenderErrors.__catch__(conn, kind, reason, stack, opts)
              else
                _ -&gt;
                  flunk("function should have failed")
              end
            catch
              :throw, :hello -&gt;
                :ok
            end end) == ""
     [36mleft:  [0m"\n07:21:29.245 [info]  Plug.SSL is redirecting GET / to https://example.com with status 301\n"
     [36mright: [0m""
     [36mstacktrace:[0m
       test/phoenix/endpoint/render_errors_test.exs:149: (test)</Chunk>
  </Example>
  <Example>
    <Log>Elixir/phoenixframework@phoenix/failed/569223522.log</Log>
    <Keywords>1), failure, </Keywords>
    <Category>0</Category>
    <Chunk>1) test adapters starts on configured port and serves requests and stops for dev (Phoenix.Integration.EndpointTest)
     [1m[30mtest/phoenix/integration/endpoint_test.exs:140[0m
     [31m** (ExUnit.TimeoutError) test timed out after 60000ms. You can change the timeout:
     
       1. per test by setting "@tag timeout: x"
       2. per case by setting "@moduletag timeout: x"
       3. globally via "ExUnit.start(timeout: x)" configuration
       4. or set it to infinity per run by calling "mix test --trace"
          (useful when using IEx.pry)
     
     Timeouts are given as integers in milliseconds.
     [0m
     [36mcode: [0mcapture_log fn -&gt;
     [36mstacktrace:[0m
       (inets) httpc.erl:626: :httpc.handle_answer/3
       (inets) httpc.erl:567: :httpc.handle_request/9
       test/support/http_client.exs:42: Phoenix.Integration.HTTPClient.request/4
       test/phoenix/integration/endpoint_test.exs:170: anonymous fn/0 in Phoenix.Integration.EndpointTest."test adapters starts on configured port and serves requests and stops for dev"/1
       (ex_unit) lib/ex_unit/capture_log.ex:78: ExUnit.CaptureLog.capture_log/2
       test/phoenix/integration/endpoint_test.exs:145: (test)
       (ex_unit) lib/ex_unit/runner.ex:306: ExUnit.Runner.exec_test/1
       (stdlib) timer.erl:166: :timer.tc/1
       (ex_unit) lib/ex_unit/runner.ex:245: anonymous fn/4 in ExUnit.Runner.spawn_test/3</Chunk>
  </Example>
  <Example>
    <Log>Elixir/phoenixframework@phoenix/failed/569820075.log</Log>
    <Keywords>1), failure, </Keywords>
    <Category>0</Category>
    <Chunk>1) test adapters starts on configured port and serves requests and stops for dev (Phoenix.Integration.EndpointTest)
     [1m[30mtest/phoenix/integration/endpoint_test.exs:153[0m
     [31m** (ExUnit.TimeoutError) test timed out after 60000ms. You can change the timeout:
     
       1. per test by setting "@tag timeout: x"
       2. per case by setting "@moduletag timeout: x"
       3. globally via "ExUnit.start(timeout: x)" configuration
       4. or set it to infinity per run by calling "mix test --trace"
          (useful when using IEx.pry)
     
     Timeouts are given as integers in milliseconds.
     [0m
     [36mcode: [0mcapture_log fn -&gt;
     [36mstacktrace:[0m
       (inets) httpc.erl:623: :httpc.handle_answer/3
       (inets) httpc.erl:567: :httpc.handle_request/9
       test/support/http_client.exs:42: Phoenix.Integration.HTTPClient.request/4
       test/phoenix/integration/endpoint_test.exs:183: anonymous fn/0 in Phoenix.Integration.EndpointTest."test adapters starts on configured port and serves requests and stops for dev"/1
       (ex_unit) lib/ex_unit/capture_log.ex:78: ExUnit.CaptureLog.capture_log/2
       test/phoenix/integration/endpoint_test.exs:158: (test)
       (ex_unit) lib/ex_unit/runner.ex:312: ExUnit.Runner.exec_test/1
       (stdlib) timer.erl:166: :timer.tc/1
       (ex_unit) lib/ex_unit/runner.ex:251: anonymous fn/4 in ExUnit.Runner.spawn_test/3</Chunk>
  </Example>
  <Example>
    <Log>Elixir/phoenixframework@phoenix/failed/569825053.log</Log>
    <Keywords>1), failure, failed</Keywords>
    <Category>0</Category>
    <Chunk>1) test does not log converted errors if response already sent (Phoenix.Endpoint.RenderErrorsTest)
     [1m[30mtest/phoenix/endpoint/render_errors_test.exs:146[0m
     [31mAssertion with == failed[0m
     [36mcode:  [0massert capture_log(fn -&gt; try do
              try do
                Plug.Conn.send_resp(conn, 200, "hello")
                throw(:hello)
              catch
                kind, reason -&gt;
                  stack = System.stacktrace()
                  opts = [view: __MODULE__, accepts: ~w"html"]
                  Phoenix.Endpoint.RenderErrors.__catch__(conn, kind, reason, stack, opts)
              else
                _ -&gt;
                  flunk("function should have failed")
              end
            catch
              :throw, :hello -&gt;
                :ok
            end end) == ""
     [36mleft:  [0m"\n12:58:38.506 [info]  Access Phoenix.Endpoint.EndpointTest.StaticEndpoint at http://localhost\n"
     [36mright: [0m""
     [36mstacktrace:[0m
       test/phoenix/endpoint/render_errors_test.exs:149: (test)</Chunk>
  </Example>
  <Example>
    <Log>Elixir/phoenixframework@phoenix/failed/571349384.log</Log>
    <Keywords>1), failure, failed</Keywords>
    <Category>0</Category>
    <Chunk>1) test does not log converted errors if response already sent (Phoenix.Endpoint.RenderErrorsTest)
     [1m[30mtest/phoenix/endpoint/render_errors_test.exs:146[0m
     [31mAssertion with == failed[0m
     [36mcode:  [0massert capture_log(fn -&gt; try do
              try do
                Plug.Conn.send_resp(conn, 200, "hello")
                throw(:hello)
              catch
                kind, reason -&gt;
                  stack = System.stacktrace()
                  opts = [view: __MODULE__, accepts: ~w"html"]
                  Phoenix.Endpoint.RenderErrors.__catch__(conn, kind, reason, stack, opts)
              else
                _ -&gt;
                  flunk("function should have failed")
              end
            catch
              :throw, :hello -&gt;
                :ok
            end end) == ""
     [36mleft:  [0m"\n14:35:48.225 [info]  Plug.SSL is redirecting GET / to https://example.com with status 301\n"
     [36mright: [0m""
     [36mstacktrace:[0m
       test/phoenix/endpoint/render_errors_test.exs:149: (test)</Chunk>
  </Example>
</Examples>
