<?xml version="1.0" encoding="UTF-8"?>
<Examples>
  <Example>
    <Log>Python/vinta@awesome-python/failed/125301582.log</Log>
    <Keywords>Issues :-(, , </Keywords>
    <Category>0</Category>
    <Chunk>&gt; Links 
  1. 301 https://warehouse.python.org/ → https://pypi.io/
  2. 301 http://www.joke2k.net/faker/ → http://joke2k.net/faker/
  3. http://www.clips.ua.ac.be/pattern Net::ReadTimeout</Chunk>
  </Example>
  <Example>
    <Log>Python/vinta@awesome-python/failed/125333673.log</Log>
    <Keywords>Issues :-(, , </Keywords>
    <Category>0</Category>
    <Chunk>&gt; Links 
  1. 301 https://warehouse.python.org/ → https://pypi.io/
  2. 301 http://www.joke2k.net/faker/ → http://joke2k.net/faker/
  3. http://www.clips.ua.ac.be/pattern Net::ReadTimeout</Chunk>
  </Example>
  <Example>
    <Log>Python/vinta@awesome-python/failed/125491392.log</Log>
    <Keywords>Issues :-(, , </Keywords>
    <Category>0</Category>
    <Chunk>&gt; Links 
  1. 301 https://warehouse.python.org/ → https://pypi.io/
  2. 301 http://www.joke2k.net/faker/ → http://joke2k.net/faker/</Chunk>
  </Example>
  <Example>
    <Log>Python/vinta@awesome-python/failed/125541453.log</Log>
    <Keywords>Issues :-(, , </Keywords>
    <Category>0</Category>
    <Chunk>&gt; Links 
  1. 301 https://warehouse.python.org/ → https://pypi.io/
  2. 301 http://www.joke2k.net/faker/ → http://joke2k.net/faker/</Chunk>
  </Example>
  <Example>
    <Log>Python/vinta@awesome-python/failed/125721156.log</Log>
    <Keywords>Issues :-(, , </Keywords>
    <Category>0</Category>
    <Chunk>&gt; Links 
  1. 301 https://warehouse.python.org/ → https://pypi.io/
  2. http://fileconveyor.org/ No route to host - connect(2) for "fileconveyor.org" port 80
  3. 301 http://www.joke2k.net/faker/ → http://joke2k.net/faker/
  4. 500 http://openbabel.org/wiki/Main_Page
  5. https://mathema.tician.de/software/pycuda/ Network is unreachable - connect(2) for "mathema.tician.de" port 443</Chunk>
  </Example>
  <Example>
    <Log>Python/vinta@awesome-python/failed/125752429.log</Log>
    <Keywords>Issues :-(, , </Keywords>
    <Category>0</Category>
    <Chunk>&gt; Links 
  1. 301 https://warehouse.python.org/ → https://pypi.io/
  2. 301 http://www.joke2k.net/faker/ → http://joke2k.net/faker/</Chunk>
  </Example>
  <Example>
    <Log>Python/vinta@awesome-python/failed/125769913.log</Log>
    <Keywords>Issues :-(, , </Keywords>
    <Category>0</Category>
    <Chunk>&gt; Links 
  1. 301 https://warehouse.python.org/ → https://pypi.io/
  2. 301 http://www.joke2k.net/faker/ → http://joke2k.net/faker/</Chunk>
  </Example>
  <Example>
    <Log>Python/vinta@awesome-python/failed/125934220.log</Log>
    <Keywords>Issues :-(, , </Keywords>
    <Category>0</Category>
    <Chunk>&gt; Links 
  1. 301 https://warehouse.python.org/ → https://pypi.io/
  2. 301 http://www.joke2k.net/faker/ → http://joke2k.net/faker/
  3. http://www.grantjenks.com/docs/diskcache/ Connection timed out - connect(2) for "www.grantjenks.com" port 80
  4. http://www.grantjenks.com/docs/sortedcontainers/ Connection timed out - connect(2) for "www.grantjenks.com" port 80</Chunk>
  </Example>
  <Example>
    <Log>Python/vinta@awesome-python/failed/126281496.log</Log>
    <Keywords>Issues :-(, , </Keywords>
    <Category>0</Category>
    <Chunk>&gt; Links 
  1. 301 https://warehouse.python.org/ → https://pypi.io/
  2. 301 http://dh-virtualenv.readthedocs.org/en/latest/ → http://dh-virtualenv.readthedocs.io/en/latest/
  3. 301 http://pynsist.readthedocs.org/en/latest/ → http://pynsist.readthedocs.io/en/latest/
  4. 301 https://pathlib.readthedocs.org/en/pep428/ → http://pathlib.readthedocs.io/en/pep428/
  5. 301 https://sqlparse.readthedocs.org/en/latest/ → http://sqlparse.readthedocs.io/en/latest/
  6. 301 http://pyexcel.readthedocs.org/en/latest/ → http://pyexcel.readthedocs.io/en/latest/
  7. 301 https://openpyxl.readthedocs.org/en/latest/ → http://openpyxl.readthedocs.io/en/latest/
  8. 301 https://xlsxwriter.readthedocs.org/en/latest/ → http://xlsxwriter.readthedocs.io/en/latest/
  9. 301 http://textblob.readthedocs.org/en/latest/ → http://textblob.readthedocs.io/en/latest/
  10. 301 http://profig.readthedocs.org/en/default/ → http://profig.readthedocs.io/en/default/
  11. 301 http://pillow.readthedocs.org/en/latest/ → http://pillow.readthedocs.io/en/latest/
  12. 301 http://happybase.readthedocs.org/en/latest/ → http://happybase.readthedocs.io/en/latest/
  13. 301 https://plyvel.readthedocs.org/en/latest/ → http://plyvel.readthedocs.io/en/latest/
  14. 301 http://txpostgres.readthedocs.org/en/latest/ → http://txpostgres.readthedocs.io/en/latest/
  15. 301 http://flask-restful.readthedocs.org/en/latest/ → http://flask-restful.readthedocs.io/en/latest/
  16. 301 https://cornice.readthedocs.org/en/latest/ → http://cornice.readthedocs.io/en/latest/
  17. 301 https://flask-restless.readthedocs.org/en/latest/ → http://flask-restless.readthedocs.io/en/latest/
  18. 301 http://restless.readthedocs.org/en/latest/ → http://restless.readthedocs.io/en/latest/
  19. 301 http://marshmallow.readthedocs.org/en/latest/ → http://marshmallow.readthedocs.io/en/latest/
  20. 301 https://chameleon.readthedocs.org/en/latest/ → http://chameleon.readthedocs.io/en/latest/
  21. 301 http://whoosh.readthedocs.org/en/latest/ → http://whoosh.readthedocs.io/en/latest/
  22. 301 http://django-storages.readthedocs.org/en/latest/ → http://django-storages.readthedocs.io/en/latest/
  23. 301 http://flask-assets.readthedocs.org/en/latest/ → http://flask-assets.readthedocs.io/en/latest/
  24. 301 http://webassets.readthedocs.org/en/latest/ → http://webassets.readthedocs.io/en/latest/
  25. 301 http://beaker.readthedocs.org/en/latest/ → http://beaker.readthedocs.io/en/latest/
  26. 301 http://dogpilecache.readthedocs.org/en/latest/ → http://dogpilecache.readthedocs.io/en/latest/
  27. 301 https://korean.readthedocs.org/en/latest/ → http://korean.readthedocs.io/en/latest/
  28. 301 http://bleach.readthedocs.org/en/latest/ → http://bleach.readthedocs.io/en/latest/
  29. 301 http://deform.readthedocs.org/en/latest/ → http://deform.readthedocs.io/en/latest/
  30. 301 http://django-crispy-forms.readthedocs.org/en/latest/ → http://django-crispy-forms.readthedocs.io/en/latest/
  31. 301 http://wtforms.readthedocs.org/en/latest/ → http://wtforms.readthedocs.io/en/latest/
  32. 301 http://wtforms-json.readthedocs.org/en/latest/ → http://wtforms-json.readthedocs.io/en/latest/
  33. 301 http://sarge.readthedocs.org/en/latest/ → http://sarge.readthedocs.io/en/latest/
  34. 301 https://uwsgi-docs.readthedocs.org/en/latest/ → http://uwsgi-docs.readthedocs.io/en/latest/
  35. 301 https://waitress.readthedocs.org/en/latest/ → http://waitress.readthedocs.io/en/latest/
  36. 301 http://pysdl2.readthedocs.org/en/latest/ → http://pysdl2.readthedocs.io/en/latest/
  37. 301 http://raven.readthedocs.org/en/latest/ → http://raven.readthedocs.io/en/latest/
  38. 301 https://eliot.readthedocs.org/en/latest/ → http://eliot.readthedocs.io/en/latest/
  39. 301 https://nose.readthedocs.org/en/latest/ → http://nose.readthedocs.io/en/latest/
  40. 301 https://tox.readthedocs.org/en/latest/ → http://tox.readthedocs.io/en/latest/
  41. 301 https://splinter.readthedocs.org/en/latest/ → http://splinter.readthedocs.io/en/latest/
  42. 301 http://www.joke2k.net/faker/ → http://joke2k.net/faker/
  43. 301 https://pylama.readthedocs.org/en/latest/ → http://pylama.readthedocs.io/en/latest/
  44. 301 http://blaze.readthedocs.org/en/latest/index.html → http://blaze.readthedocs.io/en/latest/index.html
  45. 301 http://cloudinit.readthedocs.org/en/latest/ → http://cloudinit.readthedocs.io/en/latest/
  46. 301 http://apscheduler.readthedocs.org/en/latest/ → http://apscheduler.readthedocs.io/en/latest/
  47. 301 https://wifi.readthedocs.org/en/latest/ → http://wifi.readthedocs.io/en/latest/
  48. http://www.rdkit.org/ getaddrinfo: Name or service not known</Chunk>
  </Example>
  <Example>
    <Log>Python/vinta@awesome-python/failed/126421712.log</Log>
    <Keywords>Issues :-(, , </Keywords>
    <Category>0</Category>
    <Chunk>&gt; Links 
  1. 301 http://dh-virtualenv.readthedocs.org/en/latest/ → http://dh-virtualenv.readthedocs.io/en/latest/
  2. 301 https://warehouse.python.org/ → https://pypi.io/
  3. 301 http://pynsist.readthedocs.org/en/latest/ → http://pynsist.readthedocs.io/en/latest/
  4. 301 https://pathlib.readthedocs.org/en/pep428/ → http://pathlib.readthedocs.io/en/pep428/
  5. 301 https://sqlparse.readthedocs.org/en/latest/ → http://sqlparse.readthedocs.io/en/latest/
  6. 301 http://pyexcel.readthedocs.org/en/latest/ → http://pyexcel.readthedocs.io/en/latest/
  7. 301 https://openpyxl.readthedocs.org/en/latest/ → http://openpyxl.readthedocs.io/en/latest/
  8. 301 https://xlsxwriter.readthedocs.org/en/latest/ → http://xlsxwriter.readthedocs.io/en/latest/
  9. 301 http://textblob.readthedocs.org/en/latest/ → http://textblob.readthedocs.io/en/latest/
  10. 301 http://profig.readthedocs.org/en/default/ → http://profig.readthedocs.io/en/default/
  11. 301 http://pillow.readthedocs.org/en/latest/ → http://pillow.readthedocs.io/en/latest/
  12. 301 http://txpostgres.readthedocs.org/en/latest/ → http://txpostgres.readthedocs.io/en/latest/
  13. 301 http://happybase.readthedocs.org/en/latest/ → http://happybase.readthedocs.io/en/latest/
  14. 301 https://plyvel.readthedocs.org/en/latest/ → http://plyvel.readthedocs.io/en/latest/
  15. 301 https://flask-restless.readthedocs.org/en/latest/ → http://flask-restless.readthedocs.io/en/latest/
  16. 301 http://flask-restful.readthedocs.org/en/latest/ → http://flask-restful.readthedocs.io/en/latest/
  17. 301 https://cornice.readthedocs.org/en/latest/ → http://cornice.readthedocs.io/en/latest/
  18. 301 http://restless.readthedocs.org/en/latest/ → http://restless.readthedocs.io/en/latest/
  19. 301 http://marshmallow.readthedocs.org/en/latest/ → http://marshmallow.readthedocs.io/en/latest/
  20. 301 https://chameleon.readthedocs.org/en/latest/ → http://chameleon.readthedocs.io/en/latest/
  21. 301 http://whoosh.readthedocs.org/en/latest/ → http://whoosh.readthedocs.io/en/latest/
  22. 301 http://django-storages.readthedocs.org/en/latest/ → http://django-storages.readthedocs.io/en/latest/
  23. 301 http://flask-assets.readthedocs.org/en/latest/ → http://flask-assets.readthedocs.io/en/latest/
  24. 301 http://webassets.readthedocs.org/en/latest/ → http://webassets.readthedocs.io/en/latest/
  25. 301 http://beaker.readthedocs.org/en/latest/ → http://beaker.readthedocs.io/en/latest/
  26. 301 http://dogpilecache.readthedocs.org/en/latest/ → http://dogpilecache.readthedocs.io/en/latest/
  27. 301 https://korean.readthedocs.org/en/latest/ → http://korean.readthedocs.io/en/latest/
  28. 301 http://bleach.readthedocs.org/en/latest/ → http://bleach.readthedocs.io/en/latest/
  29. 301 http://deform.readthedocs.org/en/latest/ → http://deform.readthedocs.io/en/latest/
  30. 301 http://django-crispy-forms.readthedocs.org/en/latest/ → http://django-crispy-forms.readthedocs.io/en/latest/
  31. 301 http://wtforms.readthedocs.org/en/latest/ → http://wtforms.readthedocs.io/en/latest/
  32. 301 http://wtforms-json.readthedocs.org/en/latest/ → http://wtforms-json.readthedocs.io/en/latest/
  33. 301 http://sarge.readthedocs.org/en/latest/ → http://sarge.readthedocs.io/en/latest/
  34. 301 https://uwsgi-docs.readthedocs.org/en/latest/ → http://uwsgi-docs.readthedocs.io/en/latest/
  35. 301 https://waitress.readthedocs.org/en/latest/ → http://waitress.readthedocs.io/en/latest/
  36. 301 http://pysdl2.readthedocs.org/en/latest/ → http://pysdl2.readthedocs.io/en/latest/
  37. 301 http://raven.readthedocs.org/en/latest/ → http://raven.readthedocs.io/en/latest/
  38. 301 https://eliot.readthedocs.org/en/latest/ → http://eliot.readthedocs.io/en/latest/
  39. 301 https://nose.readthedocs.org/en/latest/ → http://nose.readthedocs.io/en/latest/
  40. 301 https://splinter.readthedocs.org/en/latest/ → http://splinter.readthedocs.io/en/latest/
  41. 301 https://tox.readthedocs.org/en/latest/ → http://tox.readthedocs.io/en/latest/
  42. 301 http://www.joke2k.net/faker/ → http://joke2k.net/faker/
  43. 301 https://pylama.readthedocs.org/en/latest/ → http://pylama.readthedocs.io/en/latest/
  44. 301 http://blaze.readthedocs.org/en/latest/index.html → http://blaze.readthedocs.io/en/latest/index.html
  45. http://simplecv.org/ Connection refused - connect(2) for "simplecv.org" port 80
  46. 301 http://cloudinit.readthedocs.org/en/latest/ → http://cloudinit.readthedocs.io/en/latest/
  47. 301 http://apscheduler.readthedocs.org/en/latest/ → http://apscheduler.readthedocs.io/en/latest/
  48. 301 https://wifi.readthedocs.org/en/latest/ → http://wifi.readthedocs.io/en/latest/</Chunk>
  </Example>
</Examples>
